{
"instructions_readme": "1) Open Chrome, 2) go to chrome://tracing, 3) click Load, 4) navigate to this file.",

"traceEvents":[
{ "pid": 1, "tid": 1, "ph": "M", "name": "thread_name", "args": { "name": "" } },
{ "pid": 1, "tid": 1, "ts": 636.5000009536743, "dur": 16264852.5390625, "ph": "X", "name": "il2cpp.exe", "args": { "durationMS": 16264.8525390625, "detail": "" } },
{ "pid": 1, "tid": 1, "ts": 7379.499912261963, "dur": 12791197.265625, "ph": "X", "name": "ConvertAssemblies", "args": { "durationMS": 12791.197265625, "detail": "" } },
{ "pid": 1, "tid": 1, "ts": 25403.100967407227, "dur": 211387.80212402344, "ph": "X", "name": "Collect assemblies to convert", "args": { "durationMS": 211.38780212402344, "detail": "" } },
{ "pid": 1, "tid": 1, "ts": 237450.69885253906, "dur": 30410.202026367188, "ph": "X", "name": "RegisterCorlib", "args": { "durationMS": 30.410202026367188, "detail": "" } },
{ "pid": 1, "tid": 1, "ts": 268125.91552734375, "dur": 43209.102630615234, "ph": "X", "name": "PreProcessIL", "args": { "durationMS": 43.209102630615234, "detail": "" } },
{ "pid": 1, "tid": 1, "ts": 268126.0070800781, "dur": 9512.399673461914, "ph": "X", "name": "Inject base types and finalizers into COM and Windows Runtime types", "args": { "durationMS": 9.512399673461914, "detail": "" } },
{ "pid": 1, "tid": 1, "ts": 268384.521484375, "dur": 7820.099830627441, "ph": "X", "name": "ModifyCOMAndWindowsRuntimeTypes in assembly", "args": { "durationMS": 7.820099830627441, "detail": "mscorlib" } },
{ "pid": 1, "tid": 1, "ts": 277638.48876953125, "dur": 33696.3005065918, "ph": "X", "name": "ApplyDefaultMarshalAsAttribute", "args": { "durationMS": 33.6963005065918, "detail": "" } },
{ "pid": 1, "tid": 1, "ts": 277886.0168457031, "dur": 21203.100204467773, "ph": "X", "name": "ApplyDefaultMarshalAsAttributeVisitor in assembly", "args": { "durationMS": 21.203100204467773, "detail": "mscorlib" } },
{ "pid": 1, "tid": 1, "ts": 299146.484375, "dur": 2768.699884414673, "ph": "X", "name": "ApplyDefaultMarshalAsAttributeVisitor in assembly", "args": { "durationMS": 2.768699884414673, "detail": "System" } },
{ "pid": 1, "tid": 1, "ts": 302126.708984375, "dur": 2042.9000854492188, "ph": "X", "name": "ApplyDefaultMarshalAsAttributeVisitor in assembly", "args": { "durationMS": 2.0429000854492188, "detail": "UnityEngine.CoreModule" } },
{ "pid": 1, "tid": 1, "ts": 305295.1965332031, "dur": 529.20001745224, "ph": "X", "name": "ApplyDefaultMarshalAsAttributeVisitor in assembly", "args": { "durationMS": 0.52920001745224, "detail": "Unity.Timeline" } },
{ "pid": 1, "tid": 1, "ts": 305824.89013671875, "dur": 1572.700023651123, "ph": "X", "name": "ApplyDefaultMarshalAsAttributeVisitor in assembly", "args": { "durationMS": 1.572700023651123, "detail": "UnityEngine.UI" } },
{ "pid": 1, "tid": 1, "ts": 307483.7951660156, "dur": 1169.4999933242798, "ph": "X", "name": "ApplyDefaultMarshalAsAttributeVisitor in assembly", "args": { "durationMS": 1.1694999933242798, "detail": "Cinemachine" } },
{ "pid": 1, "tid": 1, "ts": 308665.4052734375, "dur": 450.5000114440918, "ph": "X", "name": "ApplyDefaultMarshalAsAttributeVisitor in assembly", "args": { "durationMS": 0.4505000114440918, "detail": "UnityEngine.AndroidJNIModule" } },
{ "pid": 1, "tid": 1, "ts": 309482.7880859375, "dur": 1689.1000270843506, "ph": "X", "name": "ApplyDefaultMarshalAsAttributeVisitor in assembly", "args": { "durationMS": 1.6891000270843506, "detail": "Unity.TextMeshPro" } },
{ "pid": 1, "tid": 1, "ts": 311474.5178222656, "dur": 5422.399997711182, "ph": "X", "name": "WriteResources", "args": { "durationMS": 5.422399997711182, "detail": "" } },
{ "pid": 1, "tid": 1, "ts": 317088.1042480469, "dur": 263591.00341796875, "ph": "X", "name": "CopyEtcFolder", "args": { "durationMS": 263.59100341796875, "detail": "" } },
{ "pid": 1, "tid": 1, "ts": 581845.703125, "dur": 134517.60864257812, "ph": "X", "name": "PreProcessStage", "args": { "durationMS": 134.51760864257812, "detail": "" } },
{ "pid": 1, "tid": 1, "ts": 717303.4057617188, "dur": 1352.4999618530273, "ph": "X", "name": "Debugger Sequence Points", "args": { "durationMS": 1.3524999618530273, "detail": "" } },
{ "pid": 1, "tid": 1, "ts": 719580.0170898438, "dur": 585252.3193359375, "ph": "X", "name": "Generics Collection", "args": { "durationMS": 585.2523193359375, "detail": "" } },
{ "pid": 1, "tid": 1, "ts": 719580.1391601562, "dur": 558311.4624023438, "ph": "X", "name": "GenericsCollector.Collect", "args": { "durationMS": 558.3114624023438, "detail": "" } },
{ "pid": 1, "tid": 1, "ts": 720380.859375, "dur": 17907.19985961914, "ph": "X", "name": "GenericCodeFlowGraphCollector.Collect", "args": { "durationMS": 17.90719985961914, "detail": "" } },
{ "pid": 1, "tid": 1, "ts": 720380.9814453125, "dur": 17430.400848388672, "ph": "X", "name": "GenericCodeFlowGraphCollector.GetTypesAndMethodsForAnalysis", "args": { "durationMS": 17.430400848388672, "detail": "" } },
{ "pid": 1, "tid": 1, "ts": 1277891.845703125, "dur": 25612.600326538086, "ph": "X", "name": "CollectGenericVirtualMethods.Collect", "args": { "durationMS": 25.612600326538086, "detail": "" } },
{ "pid": 1, "tid": 1, "ts": 1303504.8828125, "dur": 1099.7999906539917, "ph": "X", "name": "AddExtraTypes", "args": { "durationMS": 1.0997999906539917, "detail": "" } },
{ "pid": 1, "tid": 1, "ts": 1304832.51953125, "dur": 1755.8000087738037, "ph": "X", "name": "Add Windows Runtime type names", "args": { "durationMS": 1.7558000087738037, "detail": "" } },
{ "pid": 1, "tid": 1, "ts": 1307698.2421875, "dur": 5723123.53515625, "ph": "X", "name": "AllAssemblyConversion", "args": { "durationMS": 5723.12353515625, "detail": "" } },
{ "pid": 1, "tid": 1, "ts": 1308290.6494140625, "dur": 2878957.275390625, "ph": "X", "name": "Convert assembly non-generic methods", "args": { "durationMS": 2878.957275390625, "detail": "mscorlib" } },
{ "pid": 1, "tid": 1, "ts": 4187253.41796875, "dur": 8727.499961853027, "ph": "X", "name": "Convert assembly non-generic methods", "args": { "durationMS": 8.727499961853027, "detail": "System.Configuration" } },
{ "pid": 1, "tid": 1, "ts": 4195984.86328125, "dur": 10715.299606323242, "ph": "X", "name": "Convert assembly non-generic methods", "args": { "durationMS": 10.715299606323242, "detail": "Mono.Security" } },
{ "pid": 1, "tid": 1, "ts": 4206701.66015625, "dur": 941.100001335144, "ph": "X", "name": "Convert assembly non-generic methods", "args": { "durationMS": 0.941100001335144, "detail": "System.Xml" } },
{ "pid": 1, "tid": 1, "ts": 4207647.4609375, "dur": 205294.189453125, "ph": "X", "name": "Convert assembly non-generic methods", "args": { "durationMS": 205.294189453125, "detail": "System" } },
{ "pid": 1, "tid": 1, "ts": 4412944.82421875, "dur": 6901.999950408936, "ph": "X", "name": "Convert assembly non-generic methods", "args": { "durationMS": 6.9019999504089355, "detail": "System.Core" } },
{ "pid": 1, "tid": 1, "ts": 4419851.07421875, "dur": 13815.900802612305, "ph": "X", "name": "Convert assembly non-generic methods", "args": { "durationMS": 13.815900802612305, "detail": "UnityEngine.SharedInternalsModule" } },
{ "pid": 1, "tid": 1, "ts": 4433670.41015625, "dur": 261376.52587890625, "ph": "X", "name": "Convert assembly non-generic methods", "args": { "durationMS": 261.37652587890625, "detail": "UnityEngine.CoreModule" } },
{ "pid": 1, "tid": 1, "ts": 4695048.33984375, "dur": 5086.100101470947, "ph": "X", "name": "Convert assembly non-generic methods", "args": { "durationMS": 5.086100101470947, "detail": "UnityEngine.GridModule" } },
{ "pid": 1, "tid": 1, "ts": 4700135.7421875, "dur": 11939.9995803833, "ph": "X", "name": "Convert assembly non-generic methods", "args": { "durationMS": 11.9399995803833, "detail": "UnityEngine.InputLegacyModule" } },
{ "pid": 1, "tid": 1, "ts": 4712077.1484375, "dur": 16327.800750732422, "ph": "X", "name": "Convert assembly non-generic methods", "args": { "durationMS": 16.327800750732422, "detail": "UnityEngine.Physics2DModule" } },
{ "pid": 1, "tid": 1, "ts": 4728406.25, "dur": 20571.901321411133, "ph": "X", "name": "Convert assembly non-generic methods", "args": { "durationMS": 20.571901321411133, "detail": "UnityEngine.TextRenderingModule" } },
{ "pid": 1, "tid": 1, "ts": 4748980.46875, "dur": 44519.00100708008, "ph": "X", "name": "Convert assembly non-generic methods", "args": { "durationMS": 44.51900100708008, "detail": "UnityEngine.AnimationModule" } },
{ "pid": 1, "tid": 1, "ts": 4793503.41796875, "dur": 9269.200325012207, "ph": "X", "name": "Convert assembly non-generic methods", "args": { "durationMS": 9.269200325012207, "detail": "UnityEngine.AudioModule" } },
{ "pid": 1, "tid": 1, "ts": 4802773.92578125, "dur": 6811.800003051758, "ph": "X", "name": "Convert assembly non-generic methods", "args": { "durationMS": 6.811800003051758, "detail": "UnityEngine.DirectorModule" } },
{ "pid": 1, "tid": 1, "ts": 4809586.9140625, "dur": 45623.29864501953, "ph": "X", "name": "Convert assembly non-generic methods", "args": { "durationMS": 45.62329864501953, "detail": "UnityEngine.IMGUIModule" } },
{ "pid": 1, "tid": 1, "ts": 4855211.9140625, "dur": 9756.999969482422, "ph": "X", "name": "Convert assembly non-generic methods", "args": { "durationMS": 9.756999969482422, "detail": "UnityEngine.ParticleSystemModule" } },
{ "pid": 1, "tid": 1, "ts": 4864971.19140625, "dur": 17569.900512695312, "ph": "X", "name": "Convert assembly non-generic methods", "args": { "durationMS": 17.569900512695312, "detail": "UnityEngine.PhysicsModule" } },
{ "pid": 1, "tid": 1, "ts": 4882547.8515625, "dur": 1106.600046157837, "ph": "X", "name": "Convert assembly non-generic methods", "args": { "durationMS": 1.106600046157837, "detail": "UnityEngine.SpriteShapeModule" } },
{ "pid": 1, "tid": 1, "ts": 4883655.76171875, "dur": 15125.59986114502, "ph": "X", "name": "Convert assembly non-generic methods", "args": { "durationMS": 15.12559986114502, "detail": "UnityEngine.SubsystemsModule" } },
{ "pid": 1, "tid": 1, "ts": 4898785.64453125, "dur": 12545.000076293945, "ph": "X", "name": "Convert assembly non-generic methods", "args": { "durationMS": 12.545000076293945, "detail": "UnityEngine.TilemapModule" } },
{ "pid": 1, "tid": 1, "ts": 4911335.9375, "dur": 19895.10154724121, "ph": "X", "name": "Convert assembly non-generic methods", "args": { "durationMS": 19.89510154724121, "detail": "UnityEngine.UIModule" } },
{ "pid": 1, "tid": 1, "ts": 4931235.3515625, "dur": 13663.69915008545, "ph": "X", "name": "Convert assembly non-generic methods", "args": { "durationMS": 13.66369915008545, "detail": "Unity.2D.PixelPerfect" } },
{ "pid": 1, "tid": 1, "ts": 4944902.83203125, "dur": 99704.39910888672, "ph": "X", "name": "Convert assembly non-generic methods", "args": { "durationMS": 99.70439910888672, "detail": "Unity.Timeline" } },
{ "pid": 1, "tid": 1, "ts": 5044610.83984375, "dur": 448180.0231933594, "ph": "X", "name": "Convert assembly non-generic methods", "args": { "durationMS": 448.1800231933594, "detail": "UnityEngine.UI" } },
{ "pid": 1, "tid": 1, "ts": 5492836.42578125, "dur": 51912.39929199219, "ph": "X", "name": "Convert assembly non-generic methods", "args": { "durationMS": 51.91239929199219, "detail": "UnityEngine.XRModule" } },
{ "pid": 1, "tid": 1, "ts": 5544752.9296875, "dur": 361305.0231933594, "ph": "X", "name": "Convert assembly non-generic methods", "args": { "durationMS": 361.3050231933594, "detail": "Cinemachine" } },
{ "pid": 1, "tid": 1, "ts": 5906061.5234375, "dur": 6685.599803924561, "ph": "X", "name": "Convert assembly non-generic methods", "args": { "durationMS": 6.6855998039245605, "detail": "UnityEngine.AIModule" } },
{ "pid": 1, "tid": 1, "ts": 5912751.953125, "dur": 53267.90237426758, "ph": "X", "name": "Convert assembly non-generic methods", "args": { "durationMS": 53.26790237426758, "detail": "UnityEngine.AndroidJNIModule" } },
{ "pid": 1, "tid": 1, "ts": 5966024.4140625, "dur": 7749.899864196777, "ph": "X", "name": "Convert assembly non-generic methods", "args": { "durationMS": 7.749899864196777, "detail": "UnityEngine.AssetBundleModule" } },
{ "pid": 1, "tid": 1, "ts": 5973778.80859375, "dur": 9271.100044250488, "ph": "X", "name": "Convert assembly non-generic methods", "args": { "durationMS": 9.271100044250488, "detail": "UnityEngine.InputModule" } },
{ "pid": 1, "tid": 1, "ts": 5983053.22265625, "dur": 16251.60026550293, "ph": "X", "name": "Convert assembly non-generic methods", "args": { "durationMS": 16.25160026550293, "detail": "UnityEngine.TerrainModule" } },
{ "pid": 1, "tid": 1, "ts": 5999307.12890625, "dur": 19260.20050048828, "ph": "X", "name": "Convert assembly non-generic methods", "args": { "durationMS": 19.26020050048828, "detail": "UnityEngine.TextCoreModule" } },
{ "pid": 1, "tid": 1, "ts": 6018568.359375, "dur": 8918.499946594238, "ph": "X", "name": "Convert assembly non-generic methods", "args": { "durationMS": 8.918499946594238, "detail": "UnityEngine.UIElementsNativeModule" } },
{ "pid": 1, "tid": 1, "ts": 6027489.2578125, "dur": 7579.2999267578125, "ph": "X", "name": "Convert assembly non-generic methods", "args": { "durationMS": 7.5792999267578125, "detail": "UnityEngine.UnityAnalyticsModule" } },
{ "pid": 1, "tid": 1, "ts": 6035070.3125, "dur": 6815.800189971924, "ph": "X", "name": "Convert assembly non-generic methods", "args": { "durationMS": 6.815800189971924, "detail": "UnityEngine.UnityWebRequestModule" } },
{ "pid": 1, "tid": 1, "ts": 6041891.6015625, "dur": 7410.500049591064, "ph": "X", "name": "Convert assembly non-generic methods", "args": { "durationMS": 7.4105000495910645, "detail": "UnityEngine.VFXModule" } },
{ "pid": 1, "tid": 1, "ts": 6049305.17578125, "dur": 5744.29988861084, "ph": "X", "name": "Convert assembly non-generic methods", "args": { "durationMS": 5.74429988861084, "detail": "UnityEngine.VRModule" } },
{ "pid": 1, "tid": 1, "ts": 6055054.19921875, "dur": 8553.899765014648, "ph": "X", "name": "Convert assembly non-generic methods", "args": { "durationMS": 8.553899765014648, "detail": "UnityEngine.VideoModule" } },
{ "pid": 1, "tid": 1, "ts": 6063610.83984375, "dur": 929467.4072265625, "ph": "X", "name": "Convert assembly non-generic methods", "args": { "durationMS": 929.4674072265625, "detail": "Unity.TextMeshPro" } },
{ "pid": 1, "tid": 1, "ts": 6993080.078125, "dur": 759.4000101089478, "ph": "X", "name": "Convert assembly non-generic methods", "args": { "durationMS": 0.7594000101089478, "detail": "UnityEngine" } },
{ "pid": 1, "tid": 1, "ts": 6993840.33203125, "dur": 36976.10092163086, "ph": "X", "name": "Convert assembly non-generic methods", "args": { "durationMS": 36.97610092163086, "detail": "Assembly-CSharp" } },
{ "pid": 1, "tid": 1, "ts": 7031135.25390625, "dur": 3646095.703125, "ph": "X", "name": "WriteGenerics", "args": { "durationMS": 3646.095703125, "detail": "" } },
{ "pid": 1, "tid": 1, "ts": 7032717.28515625, "dur": 919270.6909179688, "ph": "X", "name": "GenericInstanceMethods", "args": { "durationMS": 919.2706909179688, "detail": "" } },
{ "pid": 1, "tid": 1, "ts": 7951996.58203125, "dur": 2522128.662109375, "ph": "X", "name": "GenericInstanceTypes", "args": { "durationMS": 2522.128662109375, "detail": "" } },
{ "pid": 1, "tid": 1, "ts": 10474367.1875, "dur": 202852.9052734375, "ph": "X", "name": "GenericComDefinitions", "args": { "durationMS": 202.8529052734375, "detail": "" } },
{ "pid": 1, "tid": 1, "ts": 10677679.6875, "dur": 952.7999758720398, "ph": "X", "name": "Executable Processing", "args": { "durationMS": 0.9527999758720398, "detail": "" } },
{ "pid": 1, "tid": 1, "ts": 10678999.0234375, "dur": 211508.69750976562, "ph": "X", "name": "MetadataCollector", "args": { "durationMS": 211.50869750976562, "detail": "" } },
{ "pid": 1, "tid": 1, "ts": 10680503.90625, "dur": 9129.899978637695, "ph": "X", "name": "UpdateEmptyTokens", "args": { "durationMS": 9.129899978637695, "detail": "" } },
{ "pid": 1, "tid": 1, "ts": 10690813.4765625, "dur": 9697.89981842041, "ph": "X", "name": "ValidateTokens", "args": { "durationMS": 9.69789981842041, "detail": "" } },
{ "pid": 1, "tid": 1, "ts": 10891176.7578125, "dur": 1436.2000226974487, "ph": "X", "name": "Write COM Callable Wrappers", "args": { "durationMS": 1.4362000226974487, "detail": "" } },
{ "pid": 1, "tid": 1, "ts": 10892796.875, "dur": 738.099992275238, "ph": "X", "name": "Write Windows Runtime Factories", "args": { "durationMS": 0.738099992275238, "detail": "" } },
{ "pid": 1, "tid": 1, "ts": 10894108.3984375, "dur": 1902508.4228515625, "ph": "X", "name": "Metadata", "args": { "durationMS": 1902.5084228515625, "detail": "Global" } },
{ "pid": 1, "tid": 1, "ts": 10930397.4609375, "dur": 329447.20458984375, "ph": "X", "name": "Il2CppAttributes.cpp", "args": { "durationMS": 329.44720458984375, "detail": "" } },
{ "pid": 1, "tid": 1, "ts": 11377443.359375, "dur": 35533.69903564453, "ph": "X", "name": "UnresolvedVirtualCallStubs.cpp", "args": { "durationMS": 35.53369903564453, "detail": "" } },
{ "pid": 1, "tid": 1, "ts": 11414955.078125, "dur": 527941.7724609375, "ph": "X", "name": "WriteCodeRegistration", "args": { "durationMS": 527.9417724609375, "detail": "" } },
{ "pid": 1, "tid": 1, "ts": 11414976.5625, "dur": 53227.00119018555, "ph": "X", "name": "mscorlib_CodeGen.c", "args": { "durationMS": 53.22700119018555, "detail": "" } },
{ "pid": 1, "tid": 1, "ts": 11456556.640625, "dur": 4291.200160980225, "ph": "X", "name": "GenericContextCollector", "args": { "durationMS": 4.291200160980225, "detail": "Collect" } },
{ "pid": 1, "tid": 1, "ts": 11468223.6328125, "dur": 953.8999795913696, "ph": "X", "name": "System.Configuration_CodeGen.c", "args": { "durationMS": 0.9538999795913696, "detail": "" } },
{ "pid": 1, "tid": 1, "ts": 11469184.5703125, "dur": 625.8999705314636, "ph": "X", "name": "Mono.Security_CodeGen.c", "args": { "durationMS": 0.6258999705314636, "detail": "" } },
{ "pid": 1, "tid": 1, "ts": 11469816.40625, "dur": 3997.80011177063, "ph": "X", "name": "System.Xml_CodeGen.c", "args": { "durationMS": 3.99780011177063, "detail": "" } },
{ "pid": 1, "tid": 1, "ts": 11473822.265625, "dur": 8501.799583435059, "ph": "X", "name": "System_CodeGen.c", "args": { "durationMS": 8.501799583435059, "detail": "" } },
{ "pid": 1, "tid": 1, "ts": 11482333.984375, "dur": 4912.099838256836, "ph": "X", "name": "System.Core_CodeGen.c", "args": { "durationMS": 4.912099838256836, "detail": "" } },
{ "pid": 1, "tid": 1, "ts": 11487252.9296875, "dur": 4712.600231170654, "ph": "X", "name": "UnityEngine.SharedInternalsModule_CodeGen.c", "args": { "durationMS": 4.712600231170654, "detail": "" } },
{ "pid": 1, "tid": 1, "ts": 11491980.46875, "dur": 14552.599906921387, "ph": "X", "name": "UnityEngine.CoreModule_CodeGen.c", "args": { "durationMS": 14.552599906921387, "detail": "" } },
{ "pid": 1, "tid": 1, "ts": 11506545.8984375, "dur": 813.0999803543091, "ph": "X", "name": "UnityEngine.GridModule_CodeGen.c", "args": { "durationMS": 0.8130999803543091, "detail": "" } },
{ "pid": 1, "tid": 1, "ts": 11507365.234375, "dur": 5205.599784851074, "ph": "X", "name": "UnityEngine.InputLegacyModule_CodeGen.c", "args": { "durationMS": 5.205599784851074, "detail": "" } },
{ "pid": 1, "tid": 1, "ts": 11512578.125, "dur": 5379.199981689453, "ph": "X", "name": "UnityEngine.Physics2DModule_CodeGen.c", "args": { "durationMS": 5.379199981689453, "detail": "" } },
{ "pid": 1, "tid": 1, "ts": 11517964.84375, "dur": 4835.299968719482, "ph": "X", "name": "UnityEngine.TextRenderingModule_CodeGen.c", "args": { "durationMS": 4.835299968719482, "detail": "" } },
{ "pid": 1, "tid": 1, "ts": 11522810.546875, "dur": 6268.799781799316, "ph": "X", "name": "UnityEngine.AnimationModule_CodeGen.c", "args": { "durationMS": 6.268799781799316, "detail": "" } },
{ "pid": 1, "tid": 1, "ts": 11529092.7734375, "dur": 4863.999843597412, "ph": "X", "name": "UnityEngine.AudioModule_CodeGen.c", "args": { "durationMS": 4.863999843597412, "detail": "" } },
{ "pid": 1, "tid": 1, "ts": 11533967.7734375, "dur": 770.0999975204468, "ph": "X", "name": "UnityEngine.DirectorModule_CodeGen.c", "args": { "durationMS": 0.7700999975204468, "detail": "" } },
{ "pid": 1, "tid": 1, "ts": 11534744.140625, "dur": 6033.299922943115, "ph": "X", "name": "UnityEngine.IMGUIModule_CodeGen.c", "args": { "durationMS": 6.033299922943115, "detail": "" } },
{ "pid": 1, "tid": 1, "ts": 11540794.921875, "dur": 851.3000011444092, "ph": "X", "name": "UnityEngine.ParticleSystemModule_CodeGen.c", "args": { "durationMS": 0.8513000011444092, "detail": "" } },
{ "pid": 1, "tid": 1, "ts": 11541655.2734375, "dur": 5233.90007019043, "ph": "X", "name": "UnityEngine.PhysicsModule_CodeGen.c", "args": { "durationMS": 5.23390007019043, "detail": "" } },
{ "pid": 1, "tid": 1, "ts": 11546904.296875, "dur": 755.6999921798706, "ph": "X", "name": "UnityEngine.SpriteShapeModule_CodeGen.c", "args": { "durationMS": 0.7556999921798706, "detail": "" } },
{ "pid": 1, "tid": 1, "ts": 11547665.0390625, "dur": 863.7999892234802, "ph": "X", "name": "UnityEngine.SubsystemsModule_CodeGen.c", "args": { "durationMS": 0.8637999892234802, "detail": "" } },
{ "pid": 1, "tid": 1, "ts": 11548535.15625, "dur": 4520.299911499023, "ph": "X", "name": "UnityEngine.TilemapModule_CodeGen.c", "args": { "durationMS": 4.520299911499023, "detail": "" } },
{ "pid": 1, "tid": 1, "ts": 11553065.4296875, "dur": 5082.099914550781, "ph": "X", "name": "UnityEngine.UIModule_CodeGen.c", "args": { "durationMS": 5.082099914550781, "detail": "" } },
{ "pid": 1, "tid": 1, "ts": 11558155.2734375, "dur": 4951.7998695373535, "ph": "X", "name": "Unity.2D.PixelPerfect_CodeGen.c", "args": { "durationMS": 4.9517998695373535, "detail": "" } },
{ "pid": 1, "tid": 1, "ts": 11563116.2109375, "dur": 7005.000114440918, "ph": "X", "name": "Unity.Timeline_CodeGen.c", "args": { "durationMS": 7.005000114440918, "detail": "" } },
{ "pid": 1, "tid": 1, "ts": 11570130.859375, "dur": 13044.19994354248, "ph": "X", "name": "UnityEngine.UI_CodeGen.c", "args": { "durationMS": 13.04419994354248, "detail": "" } },
{ "pid": 1, "tid": 1, "ts": 11583187.5, "dur": 5143.099784851074, "ph": "X", "name": "UnityEngine.XRModule_CodeGen.c", "args": { "durationMS": 5.143099784851074, "detail": "" } },
{ "pid": 1, "tid": 1, "ts": 11588337.890625, "dur": 9734.600067138672, "ph": "X", "name": "Cinemachine_CodeGen.c", "args": { "durationMS": 9.734600067138672, "detail": "" } },
{ "pid": 1, "tid": 1, "ts": 11598084.9609375, "dur": 978.7999987602234, "ph": "X", "name": "UnityEngine.AIModule_CodeGen.c", "args": { "durationMS": 0.9787999987602234, "detail": "" } },
{ "pid": 1, "tid": 1, "ts": 11599073.2421875, "dur": 6052.499771118164, "ph": "X", "name": "UnityEngine.AndroidJNIModule_CodeGen.c", "args": { "durationMS": 6.052499771118164, "detail": "" } },
{ "pid": 1, "tid": 1, "ts": 11605146.484375, "dur": 3954.6000957489014, "ph": "X", "name": "UnityEngine.AssetBundleModule_CodeGen.c", "args": { "durationMS": 3.9546000957489014, "detail": "" } },
{ "pid": 1, "tid": 1, "ts": 11609113.28125, "dur": 788.3999943733215, "ph": "X", "name": "UnityEngine.InputModule_CodeGen.c", "args": { "durationMS": 0.7883999943733215, "detail": "" } },
{ "pid": 1, "tid": 1, "ts": 11609913.0859375, "dur": 4984.899997711182, "ph": "X", "name": "UnityEngine.TerrainModule_CodeGen.c", "args": { "durationMS": 4.984899997711182, "detail": "" } },
{ "pid": 1, "tid": 1, "ts": 11614908.203125, "dur": 5487.199783325195, "ph": "X", "name": "UnityEngine.TextCoreModule_CodeGen.c", "args": { "durationMS": 5.487199783325195, "detail": "" } },
{ "pid": 1, "tid": 1, "ts": 11620405.2734375, "dur": 785.3999733924866, "ph": "X", "name": "UnityEngine.UIElementsNativeModule_CodeGen.c", "args": { "durationMS": 0.7853999733924866, "detail": "" } },
{ "pid": 1, "tid": 1, "ts": 11621199.21875, "dur": 702.1999955177307, "ph": "X", "name": "UnityEngine.UnityAnalyticsModule_CodeGen.c", "args": { "durationMS": 0.7021999955177307, "detail": "" } },
{ "pid": 1, "tid": 1, "ts": 11621910.15625, "dur": 693.1999921798706, "ph": "X", "name": "UnityEngine.UnityWebRequestModule_CodeGen.c", "args": { "durationMS": 0.6931999921798706, "detail": "" } },
{ "pid": 1, "tid": 1, "ts": 11622613.28125, "dur": 728.6999821662903, "ph": "X", "name": "UnityEngine.VFXModule_CodeGen.c", "args": { "durationMS": 0.7286999821662903, "detail": "" } },
{ "pid": 1, "tid": 1, "ts": 11623361.328125, "dur": 712.5999927520752, "ph": "X", "name": "UnityEngine.VRModule_CodeGen.c", "args": { "durationMS": 0.7125999927520752, "detail": "" } },
{ "pid": 1, "tid": 1, "ts": 11624083.0078125, "dur": 4484.7002029418945, "ph": "X", "name": "UnityEngine.VideoModule_CodeGen.c", "args": { "durationMS": 4.4847002029418945, "detail": "" } },
{ "pid": 1, "tid": 1, "ts": 11628580.078125, "dur": 12604.299545288086, "ph": "X", "name": "Unity.TextMeshPro_CodeGen.c", "args": { "durationMS": 12.604299545288086, "detail": "" } },
{ "pid": 1, "tid": 1, "ts": 11641198.2421875, "dur": 713.9000296592712, "ph": "X", "name": "UnityEngine_CodeGen.c", "args": { "durationMS": 0.7139000296592712, "detail": "" } },
{ "pid": 1, "tid": 1, "ts": 11641925.78125, "dur": 5291.600227355957, "ph": "X", "name": "Assembly-CSharp_CodeGen.c", "args": { "durationMS": 5.291600227355957, "detail": "" } },
{ "pid": 1, "tid": 1, "ts": 11648297.8515625, "dur": 1253.2999515533447, "ph": "X", "name": "Il2CppReversePInvokeWrapperTable.cpp", "args": { "durationMS": 1.2532999515533447, "detail": "" } },
{ "pid": 1, "tid": 1, "ts": 11649727.5390625, "dur": 81547.89733886719, "ph": "X", "name": "Il2CppGenericMethodPointerTable.cpp", "args": { "durationMS": 81.54789733886719, "detail": "" } },
{ "pid": 1, "tid": 1, "ts": 11731594.7265625, "dur": 186490.3106689453, "ph": "X", "name": "Il2CppInvokerTable.cpp", "args": { "durationMS": 186.4903106689453, "detail": "" } },
{ "pid": 1, "tid": 1, "ts": 11919018.5546875, "dur": 15577.400207519531, "ph": "X", "name": "Il2CppInteropDataTable.cpp", "args": { "durationMS": 15.577400207519531, "detail": "" } },
{ "pid": 1, "tid": 1, "ts": 11938168.9453125, "dur": 4725.900173187256, "ph": "X", "name": "Il2CppCodeRegistration.cpp", "args": { "durationMS": 4.725900173187256, "detail": "" } },
{ "pid": 1, "tid": 1, "ts": 11942896.484375, "dur": 853718.8720703125, "ph": "X", "name": "WriteMetadata", "args": { "durationMS": 853.7188720703125, "detail": "" } },
{ "pid": 1, "tid": 1, "ts": 11952313.4765625, "dur": 121525.39825439453, "ph": "X", "name": "Il2CppMetadataUsage.c", "args": { "durationMS": 121.52539825439453, "detail": "" } },
{ "pid": 1, "tid": 1, "ts": 11996404.296875, "dur": 3327.3000717163086, "ph": "X", "name": "Metadata", "args": { "durationMS": 3.3273000717163086, "detail": "Collect string literals" } },
{ "pid": 1, "tid": 1, "ts": 12084208.0078125, "dur": 16555.00030517578, "ph": "X", "name": "Il2CppGenericClassTable.c", "args": { "durationMS": 16.55500030517578, "detail": "" } },
{ "pid": 1, "tid": 1, "ts": 12100776.3671875, "dur": 17202.40020751953, "ph": "X", "name": "Il2CppGenericInstDefinitions.c", "args": { "durationMS": 17.20240020751953, "detail": "" } },
{ "pid": 1, "tid": 1, "ts": 12117990.234375, "dur": 234235.70251464844, "ph": "X", "name": "Il2CppGenericMethodTable.c", "args": { "durationMS": 234.23570251464844, "detail": "" } },
{ "pid": 1, "tid": 1, "ts": 12352243.1640625, "dur": 50787.30010986328, "ph": "X", "name": "Il2CppTypeDefinitions.c", "args": { "durationMS": 50.78730010986328, "detail": "" } },
{ "pid": 1, "tid": 1, "ts": 12403049.8046875, "dur": 43051.20086669922, "ph": "X", "name": "Il2CppGenericMethodDefinitions.c", "args": { "durationMS": 43.05120086669922, "detail": "" } },
{ "pid": 1, "tid": 1, "ts": 12446102.5390625, "dur": 242037.8875732422, "ph": "X", "name": "CompilerCalculateTypeValues", "args": { "durationMS": 242.0378875732422, "detail": "" } },
{ "pid": 1, "tid": 1, "ts": 12688152.34375, "dur": 2710.900068283081, "ph": "X", "name": "Il2CppMetadataRegistration.c", "args": { "durationMS": 2.710900068283081, "detail": "" } },
{ "pid": 1, "tid": 1, "ts": 12691073.2421875, "dur": 3636.1000537872314, "ph": "X", "name": "StringLiteralWriter", "args": { "durationMS": 3.6361000537872314, "detail": "" } },
{ "pid": 1, "tid": 1, "ts": 12694934.5703125, "dur": 960.9000086784363, "ph": "X", "name": "Metadata Strings", "args": { "durationMS": 0.9609000086784363, "detail": "" } },
{ "pid": 1, "tid": 1, "ts": 12695897.4609375, "dur": 1644.700050354004, "ph": "X", "name": "Events", "args": { "durationMS": 1.644700050354004, "detail": "" } },
{ "pid": 1, "tid": 1, "ts": 12697542.96875, "dur": 3381.5999031066895, "ph": "X", "name": "Properties", "args": { "durationMS": 3.3815999031066895, "detail": "" } },
{ "pid": 1, "tid": 1, "ts": 12700923.828125, "dur": 35258.49914550781, "ph": "X", "name": "Methods", "args": { "durationMS": 35.25849914550781, "detail": "" } },
{ "pid": 1, "tid": 1, "ts": 12736183.59375, "dur": 673.30002784729, "ph": "X", "name": "Parameter Default Values", "args": { "durationMS": 0.67330002784729, "detail": "" } },
{ "pid": 1, "tid": 1, "ts": 12736856.4453125, "dur": 1029.5000076293945, "ph": "X", "name": "Field Default Values", "args": { "durationMS": 1.0295000076293945, "detail": "" } },
{ "pid": 1, "tid": 1, "ts": 12738187.5, "dur": 416.9999957084656, "ph": "X", "name": "Field Marshaled Sizes", "args": { "durationMS": 0.4169999957084656, "detail": "" } },
{ "pid": 1, "tid": 1, "ts": 12738605.46875, "dur": 7377.999782562256, "ph": "X", "name": "Parameters", "args": { "durationMS": 7.377999782562256, "detail": "" } },
{ "pid": 1, "tid": 1, "ts": 12745983.3984375, "dur": 4353.1999588012695, "ph": "X", "name": "Fields", "args": { "durationMS": 4.3531999588012695, "detail": "" } },
{ "pid": 1, "tid": 1, "ts": 12750336.9140625, "dur": 907.800018787384, "ph": "X", "name": "Generic Parameters", "args": { "durationMS": 0.907800018787384, "detail": "" } },
{ "pid": 1, "tid": 1, "ts": 12751244.140625, "dur": 419.29998993873596, "ph": "X", "name": "Generic Parameter Constraints", "args": { "durationMS": 0.41929998993873596, "detail": "" } },
{ "pid": 1, "tid": 1, "ts": 12751665.0390625, "dur": 855.7999730110168, "ph": "X", "name": "Generic Containers", "args": { "durationMS": 0.8557999730110168, "detail": "" } },
{ "pid": 1, "tid": 1, "ts": 12753133.7890625, "dur": 1037.4000072479248, "ph": "X", "name": "VTables", "args": { "durationMS": 1.0374000072479248, "detail": "" } },
{ "pid": 1, "tid": 1, "ts": 12754171.875, "dur": 954.800009727478, "ph": "X", "name": "Interface Offsets", "args": { "durationMS": 0.954800009727478, "detail": "" } },
{ "pid": 1, "tid": 1, "ts": 12755126.953125, "dur": 29421.401977539062, "ph": "X", "name": "Type Definitions", "args": { "durationMS": 29.421401977539062, "detail": "" } },
{ "pid": 1, "tid": 1, "ts": 12784548.828125, "dur": 3044.300079345703, "ph": "X", "name": "Images", "args": { "durationMS": 3.044300079345703, "detail": "" } },
{ "pid": 1, "tid": 1, "ts": 12787592.7734375, "dur": 1205.6000232696533, "ph": "X", "name": "Assemblies", "args": { "durationMS": 1.2056000232696533, "detail": "" } },
{ "pid": 1, "tid": 1, "ts": 12788798.828125, "dur": 653.1999707221985, "ph": "X", "name": "Metadata Usage Lists", "args": { "durationMS": 0.6531999707221985, "detail": "" } },
{ "pid": 1, "tid": 1, "ts": 12789453.125, "dur": 1711.1999988555908, "ph": "X", "name": "Metadata Usage Pairs", "args": { "durationMS": 1.7111999988555908, "detail": "" } },
{ "pid": 1, "tid": 1, "ts": 12791665.0390625, "dur": 1105.7000160217285, "ph": "X", "name": "Attribute Types Ranges", "args": { "durationMS": 1.1057000160217285, "detail": "" } },
{ "pid": 1, "tid": 1, "ts": 12792773.4375, "dur": 489.89999294281006, "ph": "X", "name": "Attribute Types", "args": { "durationMS": 0.48989999294281006, "detail": "" } },
{ "pid": 1, "tid": 1, "ts": 12793473.6328125, "dur": 646.7000246047974, "ph": "X", "name": "Unresolved Virtual Call Parameter Ranges", "args": { "durationMS": 0.6467000246047974, "detail": "" } },
{ "pid": 1, "tid": 1, "ts": 12794379.8828125, "dur": 787.0000004768372, "ph": "X", "name": "Exported Types", "args": { "durationMS": 0.7870000004768372, "detail": "" } },
{ "pid": 1, "tid": 1, "ts": 12796897.4609375, "dur": 973.5000133514404, "ph": "X", "name": "CompletionPhase", "args": { "durationMS": 0.9735000133514404, "detail": "" } },
{ "pid": 1, "tid": 1, "ts": 12811999.0234375, "dur": 3453405.517578125, "ph": "X", "name": "Build", "args": { "durationMS": 3453.405517578125, "detail": "" } },
{ "pid": 1, "tid": 1, "ts": 12836693.359375, "dur": 3428191.650390625, "ph": "X", "name": "BuildBinary", "args": { "durationMS": 3428.191650390625, "detail": "" } },
{ "pid": 1, "tid": 1, "ts": 12836920.8984375, "dur": 718992.3706054688, "ph": "X", "name": "ToolChain OnBeforeCompile Build", "args": { "durationMS": 718.9923706054688, "detail": "" } },
{ "pid": 1, "tid": 1, "ts": 12846752.9296875, "dur": 24984.70115661621, "ph": "X", "name": "HashOfAllFilesWithProviderExtensionInDirectory", "args": { "durationMS": 24.98470115661621, "detail": "C:\\Program Files (x86)\\Microsoft Visual Studio\\2019\\Community\\VC\\Tools\\MSVC\\14.28.29333\\include" } },
{ "pid": 1, "tid": 1, "ts": 12871741.2109375, "dur": 35790.59982299805, "ph": "X", "name": "HashOfAllFilesWithProviderExtensionInDirectory", "args": { "durationMS": 35.79059982299805, "detail": "C:\\Program Files (x86)\\Windows Kits\\10\\Include\\10.0.19041.0\\shared" } },
{ "pid": 1, "tid": 1, "ts": 12907537.109375, "dur": 5057.600021362305, "ph": "X", "name": "HashOfAllFilesWithProviderExtensionInDirectory", "args": { "durationMS": 5.057600021362305, "detail": "C:\\Program Files (x86)\\Windows Kits\\10\\Include\\10.0.19041.0\\ucrt" } },
{ "pid": 1, "tid": 1, "ts": 12912596.6796875, "dur": 287794.677734375, "ph": "X", "name": "HashOfAllFilesWithProviderExtensionInDirectory", "args": { "durationMS": 287.794677734375, "detail": "C:\\Program Files (x86)\\Windows Kits\\10\\Include\\10.0.19041.0\\um" } },
{ "pid": 1, "tid": 1, "ts": 13200403.3203125, "dur": 270601.50146484375, "ph": "X", "name": "HashOfAllFilesWithProviderExtensionInDirectory", "args": { "durationMS": 270.60150146484375, "detail": "C:\\Program Files (x86)\\Windows Kits\\10\\Include\\10.0.19041.0\\winrt" } },
{ "pid": 1, "tid": 1, "ts": 13471015.625, "dur": 6842.9999351501465, "ph": "X", "name": "HashOfAllFilesWithProviderExtensionInDirectory", "args": { "durationMS": 6.8429999351501465, "detail": "C:\\Program Files\\Unity\\Hub\\Editor\\2020.1.4f1\\Editor\\Data\\il2cpp\\external\\baselib\\Include" } },
{ "pid": 1, "tid": 1, "ts": 13478181.640625, "dur": 3191.699981689453, "ph": "X", "name": "HashOfAllFilesWithProviderExtensionInDirectory", "args": { "durationMS": 3.191699981689453, "detail": "C:\\Program Files\\Unity\\Hub\\Editor\\2020.1.4f1\\Editor\\Data\\il2cpp\\external\\bdwgc\\include" } },
{ "pid": 1, "tid": 1, "ts": 13481379.8828125, "dur": 361.0999882221222, "ph": "X", "name": "HashOfAllFilesWithProviderExtensionInDirectory", "args": { "durationMS": 0.3610999882221222, "detail": "C:\\Program Files\\Unity\\Hub\\Editor\\2020.1.4f1\\Editor\\Data\\il2cpp\\external\\xxHash" } },
{ "pid": 1, "tid": 1, "ts": 13481742.1875, "dur": 27977.100372314453, "ph": "X", "name": "HashOfAllFilesWithProviderExtensionInDirectory", "args": { "durationMS": 27.977100372314453, "detail": "C:\\Program Files\\Unity\\Hub\\Editor\\2020.1.4f1\\Editor\\Data\\il2cpp\\libil2cpp" } },
{ "pid": 1, "tid": 1, "ts": 13509969.7265625, "dur": 718.2999849319458, "ph": "X", "name": "HashOfAllFilesWithProviderExtensionInDirectory", "args": { "durationMS": 0.7182999849319458, "detail": "F:\\Repository\\DESN-Final\\GAME2014-F2020-Lab10Starter-main\\Temp\\StagingArea\\Data\\il2cppOutput" } },
{ "pid": 1, "tid": 1, "ts": 13556030.2734375, "dur": 62248.3024597168, "ph": "X", "name": "FindFilesToCompile", "args": { "durationMS": 62.2483024597168, "detail": "" } },
{ "pid": 1, "tid": 1, "ts": 13618278.3203125, "dur": 704765.6860351562, "ph": "X", "name": "Calculate header hashes", "args": { "durationMS": 704.7656860351562, "detail": "" } },
{ "pid": 1, "tid": 1, "ts": 13618803.7109375, "dur": 26254.301071166992, "ph": "X", "name": "HashOfAllFilesWithProviderExtensionInDirectory", "args": { "durationMS": 26.254301071166992, "detail": "C:\\Program Files\\Unity\\Hub\\Editor\\2020.1.4f1\\Editor\\Data\\il2cpp\\libil2cpp" } },
{ "pid": 1, "tid": 1, "ts": 13645149.4140625, "dur": 3069.2999362945557, "ph": "X", "name": "HashOfAllFilesWithProviderExtensionInDirectory", "args": { "durationMS": 3.0692999362945557, "detail": "C:\\Program Files\\Unity\\Hub\\Editor\\2020.1.4f1\\Editor\\Data\\il2cpp\\external\\bdwgc\\include" } },
{ "pid": 1, "tid": 1, "ts": 13648252.9296875, "dur": 361.7999851703644, "ph": "X", "name": "HashOfAllFilesWithProviderExtensionInDirectory", "args": { "durationMS": 0.3617999851703644, "detail": "C:\\Program Files\\Unity\\Hub\\Editor\\2020.1.4f1\\Editor\\Data\\il2cpp\\external\\xxHash" } },
{ "pid": 1, "tid": 1, "ts": 13648647.4609375, "dur": 5920.599937438965, "ph": "X", "name": "HashOfAllFilesWithProviderExtensionInDirectory", "args": { "durationMS": 5.920599937438965, "detail": "C:\\Program Files\\Unity\\Hub\\Editor\\2020.1.4f1\\Editor\\Data\\il2cpp\\external\\baselib\\Include" } },
{ "pid": 1, "tid": 1, "ts": 13655025.390625, "dur": 602.1999716758728, "ph": "X", "name": "HashOfAllFilesWithProviderExtensionInDirectory", "args": { "durationMS": 0.6021999716758728, "detail": "F:\\Repository\\DESN-Final\\GAME2014-F2020-Lab10Starter-main\\Temp\\StagingArea\\Data\\il2cppOutput" } },
{ "pid": 1, "tid": 1, "ts": 13655664.0625, "dur": 21851.200103759766, "ph": "X", "name": "HashOfAllFilesWithProviderExtensionInDirectory", "args": { "durationMS": 21.851200103759766, "detail": "C:\\Program Files (x86)\\Microsoft Visual Studio\\2019\\Community\\VC\\Tools\\MSVC\\14.28.29333\\include" } },
{ "pid": 1, "tid": 1, "ts": 13677579.1015625, "dur": 35547.19924926758, "ph": "X", "name": "HashOfAllFilesWithProviderExtensionInDirectory", "args": { "durationMS": 35.54719924926758, "detail": "C:\\Program Files (x86)\\Windows Kits\\10\\Include\\10.0.19041.0\\shared" } },
{ "pid": 1, "tid": 1, "ts": 13713184.5703125, "dur": 284443.3898925781, "ph": "X", "name": "HashOfAllFilesWithProviderExtensionInDirectory", "args": { "durationMS": 284.4433898925781, "detail": "C:\\Program Files (x86)\\Windows Kits\\10\\Include\\10.0.19041.0\\um" } },
{ "pid": 1, "tid": 1, "ts": 13997686.5234375, "dur": 263509.3078613281, "ph": "X", "name": "HashOfAllFilesWithProviderExtensionInDirectory", "args": { "durationMS": 263.5093078613281, "detail": "C:\\Program Files (x86)\\Windows Kits\\10\\Include\\10.0.19041.0\\winrt" } },
{ "pid": 1, "tid": 1, "ts": 14261252.9296875, "dur": 4993.199825286865, "ph": "X", "name": "HashOfAllFilesWithProviderExtensionInDirectory", "args": { "durationMS": 4.993199825286865, "detail": "C:\\Program Files (x86)\\Windows Kits\\10\\Include\\10.0.19041.0\\ucrt" } },
{ "pid": 1, "tid": 1, "ts": 14312254.8828125, "dur": 4886.099815368652, "ph": "X", "name": "HashOfAllFilesWithProviderExtensionInDirectory", "args": { "durationMS": 4.886099815368652, "detail": "C:\\Program Files\\Unity\\Hub\\Editor\\2020.1.4f1\\Editor\\Data\\il2cpp\\external\\bdwgc\\libatomic_ops\\src" } },
{ "pid": 1, "tid": 1, "ts": 14323044.921875, "dur": 37575.09994506836, "ph": "X", "name": "Calculate lumped hashes", "args": { "durationMS": 37.57509994506836, "detail": "" } },
{ "pid": 1, "tid": 1, "ts": 14324330.078125, "dur": 449.29999113082886, "ph": "X", "name": "HashOfAllFilesWithProviderExtensionInDirectory", "args": { "durationMS": 0.44929999113082886, "detail": "C:\\Program Files\\Unity\\Hub\\Editor\\2020.1.4f1\\Editor\\Data\\il2cpp\\libil2cpp\\gc" } },
{ "pid": 1, "tid": 1, "ts": 14324809.5703125, "dur": 10704.099655151367, "ph": "X", "name": "HashOfAllFilesWithProviderExtensionInDirectory", "args": { "durationMS": 10.704099655151367, "detail": "C:\\Program Files\\Unity\\Hub\\Editor\\2020.1.4f1\\Editor\\Data\\il2cpp\\libil2cpp\\icalls" } },
{ "pid": 1, "tid": 1, "ts": 14335549.8046875, "dur": 983.2000136375427, "ph": "X", "name": "HashOfAllFilesWithProviderExtensionInDirectory", "args": { "durationMS": 0.9832000136375427, "detail": "C:\\Program Files\\Unity\\Hub\\Editor\\2020.1.4f1\\Editor\\Data\\il2cpp\\libil2cpp\\metadata" } },
{ "pid": 1, "tid": 1, "ts": 14336566.40625, "dur": 577.6000022888184, "ph": "X", "name": "HashOfAllFilesWithProviderExtensionInDirectory", "args": { "durationMS": 0.5776000022888184, "detail": "C:\\Program Files\\Unity\\Hub\\Editor\\2020.1.4f1\\Editor\\Data\\il2cpp\\libil2cpp\\mono" } },
{ "pid": 1, "tid": 1, "ts": 14337508.7890625, "dur": 10715.299606323242, "ph": "X", "name": "HashOfAllFilesWithProviderExtensionInDirectory", "args": { "durationMS": 10.715299606323242, "detail": "C:\\Program Files\\Unity\\Hub\\Editor\\2020.1.4f1\\Editor\\Data\\il2cpp\\libil2cpp\\os" } },
{ "pid": 1, "tid": 1, "ts": 14348256.8359375, "dur": 966.6000008583069, "ph": "X", "name": "HashOfAllFilesWithProviderExtensionInDirectory", "args": { "durationMS": 0.9666000008583069, "detail": "C:\\Program Files\\Unity\\Hub\\Editor\\2020.1.4f1\\Editor\\Data\\il2cpp\\libil2cpp\\utils" } },
{ "pid": 1, "tid": 1, "ts": 14349254.8828125, "dur": 3658.6999893188477, "ph": "X", "name": "HashOfAllFilesWithProviderExtensionInDirectory", "args": { "durationMS": 3.6586999893188477, "detail": "C:\\Program Files\\Unity\\Hub\\Editor\\2020.1.4f1\\Editor\\Data\\il2cpp\\libil2cpp\\vm" } },
{ "pid": 1, "tid": 1, "ts": 14352946.2890625, "dur": 392.1999931335449, "ph": "X", "name": "HashOfAllFilesWithProviderExtensionInDirectory", "args": { "durationMS": 0.3921999931335449, "detail": "C:\\Program Files\\Unity\\Hub\\Editor\\2020.1.4f1\\Editor\\Data\\il2cpp\\libil2cpp\\vm-utils" } },
{ "pid": 1, "tid": 1, "ts": 14353370.1171875, "dur": 7241.499900817871, "ph": "X", "name": "HashOfAllFilesWithProviderExtensionInDirectory", "args": { "durationMS": 7.241499900817871, "detail": "C:\\Program Files\\Unity\\Hub\\Editor\\2020.1.4f1\\Editor\\Data\\il2cpp\\external\\bdwgc" } },
{ "pid": 1, "tid": 1, "ts": 14360618.1640625, "dur": 138580.70373535156, "ph": "X", "name": "BuildAllCppFiles", "args": { "durationMS": 138.58070373535156, "detail": "" } },
{ "pid": 1, "tid": 1, "ts": 14363588.8671875, "dur": 135610.3973388672, "ph": "X", "name": "Compile", "args": { "durationMS": 135.6103973388672, "detail": "" } },
{ "pid": 1, "tid": 1, "ts": 14499595.703125, "dur": 1064.9000406265259, "ph": "X", "name": "OnBeforeLink Build", "args": { "durationMS": 1.0649000406265259, "detail": "" } },
{ "pid": 1, "tid": 1, "ts": 14499837.890625, "dur": 821.6000199317932, "ph": "X", "name": "ProgramBuildDescription OnBeforeLink Build", "args": { "durationMS": 0.8216000199317932, "detail": "" } },
{ "pid": 1, "tid": 1, "ts": 14500661.1328125, "dur": 1442485.2294921875, "ph": "X", "name": "Postprocess Object Files", "args": { "durationMS": 1442.4852294921875, "detail": "" } },
{ "pid": 1, "tid": 1, "ts": 14502585.9375, "dur": 1440559.08203125, "ph": "X", "name": "Link", "args": { "durationMS": 1440.55908203125, "detail": "GameAssembly.dll" } },
{ "pid": 1, "tid": 1, "ts": 14531325.1953125, "dur": 1321937.98828125, "ph": "X", "name": "ActualLinkerInvocation", "args": { "durationMS": 1321.93798828125, "detail": "GameAssembly.dll" } },
{ "pid": 1, "tid": 1, "ts": 15943145.5078125, "dur": 300682.0068359375, "ph": "X", "name": "ProgramDescription Finalize Build", "args": { "durationMS": 300.6820068359375, "detail": "" } },
{ "pid": 1, "tid": 1, "ts": 16243828.125, "dur": 21055.500030517578, "ph": "X", "name": "Clean IL2CPP Cache", "args": { "durationMS": 21.055500030517578, "detail": "" } },
{ "pid": 1, "tid": 19, "ph": "M", "name": "thread_name", "args": { "name": "" } },
{ "pid": 1, "tid": 19, "ts": 14369296.875, "dur": 19693.79997253418, "ph": "X", "name": "HashCompilerInvocation", "args": { "durationMS": 19.69379997253418, "detail": "Il2CppAttributes.cpp" } },
{ "pid": 1, "tid": 19, "ts": 14389015.625, "dur": 7270.500183105469, "ph": "X", "name": "HashCompilerInvocation", "args": { "durationMS": 7.270500183105469, "detail": "GenericMethods3.cpp" } },
{ "pid": 1, "tid": 19, "ts": 14396314.453125, "dur": 35540.897369384766, "ph": "X", "name": "HashCompilerInvocation", "args": { "durationMS": 35.540897369384766, "detail": "UnityEngine.CoreModule.cpp" } },
{ "pid": 1, "tid": 19, "ts": 14431890.625, "dur": 16857.698440551758, "ph": "X", "name": "HashCompilerInvocation", "args": { "durationMS": 16.857698440551758, "detail": "Generics10.cpp" } },
{ "pid": 1, "tid": 19, "ts": 14448774.4140625, "dur": 4873.799800872803, "ph": "X", "name": "HashCompilerInvocation", "args": { "durationMS": 4.873799800872803, "detail": "Unity.TextMeshPro5.cpp" } },
{ "pid": 1, "tid": 19, "ts": 14453677.734375, "dur": 4976.29976272583, "ph": "X", "name": "HashCompilerInvocation", "args": { "durationMS": 4.97629976272583, "detail": "char-conversions.cpp" } },
{ "pid": 1, "tid": 19, "ts": 14458676.7578125, "dur": 1606.6999435424805, "ph": "X", "name": "HashCompilerInvocation", "args": { "durationMS": 1.6066999435424805, "detail": "Unity.2D.PixelPerfect.cpp" } },
{ "pid": 1, "tid": 19, "ts": 14460308.59375, "dur": 1556.1000108718872, "ph": "X", "name": "HashCompilerInvocation", "args": { "durationMS": 1.5561000108718872, "detail": "inflate.c" } },
{ "pid": 1, "tid": 19, "ts": 14461892.578125, "dur": 2639.4999027252197, "ph": "X", "name": "HashCompilerInvocation", "args": { "durationMS": 2.6394999027252197, "detail": "il2cpp-api.cpp" } },
{ "pid": 1, "tid": 19, "ts": 14464648.4375, "dur": 4922.2002029418945, "ph": "X", "name": "HashCompilerInvocation", "args": { "durationMS": 4.9222002029418945, "detail": "Lump_libil2cpp_icalls.cpp" } },
{ "pid": 1, "tid": 19, "ts": 14469599.609375, "dur": 1419.3999767303467, "ph": "X", "name": "HashCompilerInvocation", "args": { "durationMS": 1.4193999767303467, "detail": "UnityEngine.VideoModule_CodeGen.c" } },
{ "pid": 1, "tid": 19, "ts": 14471046.875, "dur": 2044.800043106079, "ph": "X", "name": "HashCompilerInvocation", "args": { "durationMS": 2.044800043106079, "detail": "Mono.Security_CodeGen.c" } },
{ "pid": 1, "tid": 19, "ts": 14473116.2109375, "dur": 3740.299940109253, "ph": "X", "name": "HashCompilerInvocation", "args": { "durationMS": 3.740299940109253, "detail": "krait_signal_handler.c" } },
{ "pid": 1, "tid": 19, "ts": 14476873.046875, "dur": 911.8000268936157, "ph": "X", "name": "HashCompilerInvocation", "args": { "durationMS": 0.9118000268936157, "detail": "Lump_libil2cpp_vm-utils.cpp" } },
{ "pid": 1, "tid": 19, "ts": 14477801.7578125, "dur": 870.0000047683716, "ph": "X", "name": "HashCompilerInvocation", "args": { "durationMS": 0.8700000047683716, "detail": "Il2CppGenericComDefinitions.cpp" } },
{ "pid": 1, "tid": 20, "ph": "M", "name": "thread_name", "args": { "name": "" } },
{ "pid": 1, "tid": 20, "ts": 14369308.59375, "dur": 14640.999794006348, "ph": "X", "name": "HashCompilerInvocation", "args": { "durationMS": 14.640999794006348, "detail": "Il2CppCompilerCalculateTypeValues.cpp" } },
{ "pid": 1, "tid": 20, "ts": 14383973.6328125, "dur": 8376.399993896484, "ph": "X", "name": "HashCompilerInvocation", "args": { "durationMS": 8.376399993896484, "detail": "mscorlib.cpp" } },
{ "pid": 1, "tid": 20, "ts": 14392381.8359375, "dur": 35327.40020751953, "ph": "X", "name": "HashCompilerInvocation", "args": { "durationMS": 35.32740020751953, "detail": "mscorlib8.cpp" } },
{ "pid": 1, "tid": 20, "ts": 14427740.234375, "dur": 8110.799789428711, "ph": "X", "name": "HashCompilerInvocation", "args": { "durationMS": 8.110799789428711, "detail": "Unity.Timeline.cpp" } },
{ "pid": 1, "tid": 20, "ts": 14435894.53125, "dur": 6590.400218963623, "ph": "X", "name": "HashCompilerInvocation", "args": { "durationMS": 6.590400218963623, "detail": "Generics6.cpp" } },
{ "pid": 1, "tid": 20, "ts": 14442503.90625, "dur": 3970.7000255584717, "ph": "X", "name": "HashCompilerInvocation", "args": { "durationMS": 3.9707000255584717, "detail": "Generics.cpp" } },
{ "pid": 1, "tid": 20, "ts": 14446500, "dur": 4178.999900817871, "ph": "X", "name": "HashCompilerInvocation", "args": { "durationMS": 4.178999900817871, "detail": "Generics13.cpp" } },
{ "pid": 1, "tid": 20, "ts": 14450706.0546875, "dur": 3484.6999645233154, "ph": "X", "name": "HashCompilerInvocation", "args": { "durationMS": 3.4846999645233154, "detail": "Assembly-CSharp.cpp" } },
{ "pid": 1, "tid": 20, "ts": 14454218.75, "dur": 4030.4999351501465, "ph": "X", "name": "HashCompilerInvocation", "args": { "durationMS": 4.0304999351501465, "detail": "UnityEngine.TerrainModule.cpp" } },
{ "pid": 1, "tid": 20, "ts": 14458273.4375, "dur": 1871.6000318527222, "ph": "X", "name": "HashCompilerInvocation", "args": { "durationMS": 1.8716000318527222, "detail": "Unity.Timeline_CodeGen.c" } },
{ "pid": 1, "tid": 20, "ts": 14460166.015625, "dur": 1599.5999574661255, "ph": "X", "name": "HashCompilerInvocation", "args": { "durationMS": 1.5995999574661255, "detail": "UnityEngine.UnityWebRequestModule.cpp" } },
{ "pid": 1, "tid": 20, "ts": 14461800.78125, "dur": 2460.400104522705, "ph": "X", "name": "HashCompilerInvocation", "args": { "durationMS": 2.460400104522705, "detail": "UnityEngine.DirectorModule.cpp" } },
{ "pid": 1, "tid": 20, "ts": 14464283.203125, "dur": 4638.899803161621, "ph": "X", "name": "HashCompilerInvocation", "args": { "durationMS": 4.638899803161621, "detail": "gzread.c" } },
{ "pid": 1, "tid": 20, "ts": 14468946.2890625, "dur": 1275.6999731063843, "ph": "X", "name": "HashCompilerInvocation", "args": { "durationMS": 1.2756999731063843, "detail": "UnityEngine.InputLegacyModule_CodeGen.c" } },
{ "pid": 1, "tid": 20, "ts": 14470245.1171875, "dur": 1201.300024986267, "ph": "X", "name": "HashCompilerInvocation", "args": { "durationMS": 1.201300024986267, "detail": "System.Xml.cpp" } },
{ "pid": 1, "tid": 20, "ts": 14471472.65625, "dur": 24725.99983215332, "ph": "X", "name": "HashCompilerInvocation", "args": { "durationMS": 24.72599983215332, "detail": "uncompr.c" } },
{ "pid": 1, "tid": 25, "ph": "M", "name": "thread_name", "args": { "name": "" } },
{ "pid": 1, "tid": 25, "ts": 14369308.59375, "dur": 10852.899551391602, "ph": "X", "name": "HashCompilerInvocation", "args": { "durationMS": 10.852899551391602, "detail": "Unity.TextMeshPro2.cpp" } },
{ "pid": 1, "tid": 25, "ts": 14380187.5, "dur": 8513.799667358398, "ph": "X", "name": "HashCompilerInvocation", "args": { "durationMS": 8.513799667358398, "detail": "mscorlib2.cpp" } },
{ "pid": 1, "tid": 25, "ts": 14388726.5625, "dur": 8225.099563598633, "ph": "X", "name": "HashCompilerInvocation", "args": { "durationMS": 8.225099563598633, "detail": "mscorlib11.cpp" } },
{ "pid": 1, "tid": 25, "ts": 14396979.4921875, "dur": 34476.200103759766, "ph": "X", "name": "HashCompilerInvocation", "args": { "durationMS": 34.476200103759766, "detail": "GenericMethods.cpp" } },
{ "pid": 1, "tid": 25, "ts": 14431481.4453125, "dur": 17244.098663330078, "ph": "X", "name": "HashCompilerInvocation", "args": { "durationMS": 17.244098663330078, "detail": "Generics16.cpp" } },
{ "pid": 1, "tid": 25, "ts": 14448754.8828125, "dur": 4775.700092315674, "ph": "X", "name": "HashCompilerInvocation", "args": { "durationMS": 4.775700092315674, "detail": "Generics18.cpp" } },
{ "pid": 1, "tid": 25, "ts": 14453558.59375, "dur": 4095.600128173828, "ph": "X", "name": "HashCompilerInvocation", "args": { "durationMS": 4.095600128173828, "detail": "UnityEngine.AnimationModule.cpp" } },
{ "pid": 1, "tid": 25, "ts": 14457695.3125, "dur": 1759.0999603271484, "ph": "X", "name": "HashCompilerInvocation", "args": { "durationMS": 1.7590999603271484, "detail": "UnityEngine.PhysicsModule.cpp" } },
{ "pid": 1, "tid": 25, "ts": 14459484.375, "dur": 1397.4000215530396, "ph": "X", "name": "HashCompilerInvocation", "args": { "durationMS": 1.3974000215530396, "detail": "UnityEngine.SubsystemsModule.cpp" } },
{ "pid": 1, "tid": 25, "ts": 14460911.1328125, "dur": 1559.499979019165, "ph": "X", "name": "HashCompilerInvocation", "args": { "durationMS": 1.559499979019165, "detail": "UnityEngine.VFXModule.cpp" } },
{ "pid": 1, "tid": 25, "ts": 14462496.09375, "dur": 5718.100070953369, "ph": "X", "name": "HashCompilerInvocation", "args": { "durationMS": 5.718100070953369, "detail": "UnityEngine.Physics2DModule_CodeGen.c" } },
{ "pid": 1, "tid": 25, "ts": 14468256.8359375, "dur": 1326.4000415802002, "ph": "X", "name": "HashCompilerInvocation", "args": { "durationMS": 1.3264000415802002, "detail": "UnityEngine.TerrainModule_CodeGen.c" } },
{ "pid": 1, "tid": 25, "ts": 14469610.3515625, "dur": 1427.8000593185425, "ph": "X", "name": "HashCompilerInvocation", "args": { "durationMS": 1.4278000593185425, "detail": "UnityEngine.UIElementsNativeModule_CodeGen.c" } },
{ "pid": 1, "tid": 25, "ts": 14471066.40625, "dur": 2090.6999111175537, "ph": "X", "name": "HashCompilerInvocation", "args": { "durationMS": 2.0906999111175537, "detail": "UnityEngine.VFXModule_CodeGen.c" } },
{ "pid": 1, "tid": 25, "ts": 14473183.59375, "dur": 2375.0998973846436, "ph": "X", "name": "HashCompilerInvocation", "args": { "durationMS": 2.3750998973846436, "detail": "Il2CppMetadataRegistration.c" } },
{ "pid": 1, "tid": 25, "ts": 14475601.5625, "dur": 971.0000157356262, "ph": "X", "name": "HashCompilerInvocation", "args": { "durationMS": 0.9710000157356262, "detail": "Lump_libil2cpp_mono.cpp" } },
{ "pid": 1, "tid": 25, "ts": 14476590.8203125, "dur": 876.2000203132629, "ph": "X", "name": "HashCompilerInvocation", "args": { "durationMS": 0.8762000203132629, "detail": "Lump_libil2cpp_gc.cpp" } },
{ "pid": 1, "tid": 25, "ts": 14477494.140625, "dur": 1068.4000253677368, "ph": "X", "name": "HashCompilerInvocation", "args": { "durationMS": 1.0684000253677368, "detail": "Lump_libil2cpp_codegen.cpp" } },
{ "pid": 1, "tid": 28, "ph": "M", "name": "thread_name", "args": { "name": "" } },
{ "pid": 1, "tid": 28, "ts": 14369311.5234375, "dur": 18092.100143432617, "ph": "X", "name": "HashCompilerInvocation", "args": { "durationMS": 18.092100143432617, "detail": "Il2CppMetadataUsage.c" } },
{ "pid": 1, "tid": 28, "ts": 14387430.6640625, "dur": 7636.70015335083, "ph": "X", "name": "HashCompilerInvocation", "args": { "durationMS": 7.63670015335083, "detail": "mscorlib1.cpp" } },
{ "pid": 1, "tid": 28, "ts": 14395090.8203125, "dur": 34797.50061035156, "ph": "X", "name": "HashCompilerInvocation", "args": { "durationMS": 34.79750061035156, "detail": "Unity.TextMeshPro4.cpp" } },
{ "pid": 1, "tid": 28, "ts": 14429916.015625, "dur": 18818.099975585938, "ph": "X", "name": "HashCompilerInvocation", "args": { "durationMS": 18.818099975585938, "detail": "Generics2.cpp" } },
{ "pid": 1, "tid": 28, "ts": 14448764.6484375, "dur": 5012.499809265137, "ph": "X", "name": "HashCompilerInvocation", "args": { "durationMS": 5.012499809265137, "detail": "Generics19.cpp" } },
{ "pid": 1, "tid": 28, "ts": 14453807.6171875, "dur": 4228.300094604492, "ph": "X", "name": "HashCompilerInvocation", "args": { "durationMS": 4.228300094604492, "detail": "Unity.TextMeshPro_CodeGen.c" } },
{ "pid": 1, "tid": 28, "ts": 14458059.5703125, "dur": 1937.600016593933, "ph": "X", "name": "HashCompilerInvocation", "args": { "durationMS": 1.937600016593933, "detail": "System_CodeGen.c" } },
{ "pid": 1, "tid": 28, "ts": 14460020.5078125, "dur": 1579.699993133545, "ph": "X", "name": "HashCompilerInvocation", "args": { "durationMS": 1.579699993133545, "detail": "UnityEngine.TilemapModule.cpp" } },
{ "pid": 1, "tid": 28, "ts": 14461640.625, "dur": 1653.8000106811523, "ph": "X", "name": "HashCompilerInvocation", "args": { "durationMS": 1.6538000106811523, "detail": "trees.c" } },
{ "pid": 1, "tid": 28, "ts": 14463325.1953125, "dur": 5440.5999183654785, "ph": "X", "name": "HashCompilerInvocation", "args": { "durationMS": 5.4405999183654785, "detail": "System.Core.cpp" } },
{ "pid": 1, "tid": 28, "ts": 14468791.9921875, "dur": 1252.3000240325928, "ph": "X", "name": "HashCompilerInvocation", "args": { "durationMS": 1.2523000240325928, "detail": "crc32.c" } },
{ "pid": 1, "tid": 28, "ts": 14470070.3125, "dur": 1214.2000198364258, "ph": "X", "name": "HashCompilerInvocation", "args": { "durationMS": 1.2142000198364258, "detail": "UnityEngine.UnityAnalyticsModule_CodeGen.c" } },
{ "pid": 1, "tid": 28, "ts": 14471310.546875, "dur": 5600.599765777588, "ph": "X", "name": "HashCompilerInvocation", "args": { "durationMS": 5.600599765777588, "detail": "gc.c" } },
{ "pid": 1, "tid": 28, "ts": 14476935.546875, "dur": 942.7000284194946, "ph": "X", "name": "HashCompilerInvocation", "args": { "durationMS": 0.9427000284194946, "detail": "UnityEngine.AssetBundleModule_CodeGen.c" } },
{ "pid": 1, "tid": 28, "ts": 14477893.5546875, "dur": 958.0000042915344, "ph": "X", "name": "HashCompilerInvocation", "args": { "durationMS": 0.9580000042915344, "detail": "Lump_libil2cpp_debugger.cpp" } },
{ "pid": 1, "tid": 23, "ph": "M", "name": "thread_name", "args": { "name": "" } },
{ "pid": 1, "tid": 23, "ts": 14369313.4765625, "dur": 11754.199981689453, "ph": "X", "name": "HashCompilerInvocation", "args": { "durationMS": 11.754199981689453, "detail": "Il2CppCompilerCalculateTypeValues1.cpp" } },
{ "pid": 1, "tid": 23, "ts": 14381090.8203125, "dur": 7718.200206756592, "ph": "X", "name": "HashCompilerInvocation", "args": { "durationMS": 7.718200206756592, "detail": "Generics7.cpp" } },
{ "pid": 1, "tid": 23, "ts": 14388838.8671875, "dur": 7124.300003051758, "ph": "X", "name": "HashCompilerInvocation", "args": { "durationMS": 7.124300003051758, "detail": "Il2CppGenericMethodTable.c" } },
{ "pid": 1, "tid": 23, "ts": 14395988.28125, "dur": 34714.70260620117, "ph": "X", "name": "HashCompilerInvocation", "args": { "durationMS": 34.71470260620117, "detail": "UnityEngine.CoreModule1.cpp" } },
{ "pid": 1, "tid": 23, "ts": 14430732.421875, "dur": 8619.70043182373, "ph": "X", "name": "HashCompilerInvocation", "args": { "durationMS": 8.61970043182373, "detail": "GenericMethods2.cpp" } },
{ "pid": 1, "tid": 23, "ts": 14439489.2578125, "dur": 14124.600410461426, "ph": "X", "name": "HashCompilerInvocation", "args": { "durationMS": 14.124600410461426, "detail": "GenericMethods4.cpp" } },
{ "pid": 1, "tid": 23, "ts": 14453645.5078125, "dur": 4519.599914550781, "ph": "X", "name": "HashCompilerInvocation", "args": { "durationMS": 4.519599914550781, "detail": "UnityEngine.UI_CodeGen.c" } },
{ "pid": 1, "tid": 23, "ts": 14458193.359375, "dur": 1815.7000541687012, "ph": "X", "name": "HashCompilerInvocation", "args": { "durationMS": 1.8157000541687012, "detail": "UnityEngine.SharedInternalsModule.cpp" } },
{ "pid": 1, "tid": 23, "ts": 14460030.2734375, "dur": 1563.6999607086182, "ph": "X", "name": "HashCompilerInvocation", "args": { "durationMS": 1.5636999607086182, "detail": "UnityEngine.VideoModule.cpp" } },
{ "pid": 1, "tid": 23, "ts": 14461625.9765625, "dur": 1698.3000040054321, "ph": "X", "name": "HashCompilerInvocation", "args": { "durationMS": 1.6983000040054321, "detail": "UnityEngine.InputModule.cpp" } },
{ "pid": 1, "tid": 23, "ts": 14463356.4453125, "dur": 6217.800140380859, "ph": "X", "name": "HashCompilerInvocation", "args": { "durationMS": 6.217800140380859, "detail": "Lump_libil2cpp_os.cpp" } },
{ "pid": 1, "tid": 23, "ts": 14469599.609375, "dur": 1238.1999492645264, "ph": "X", "name": "HashCompilerInvocation", "args": { "durationMS": 1.2381999492645264, "detail": "zutil.c" } },
{ "pid": 1, "tid": 23, "ts": 14470860.3515625, "dur": 1413.2000207901, "ph": "X", "name": "HashCompilerInvocation", "args": { "durationMS": 1.4132000207901, "detail": "UnityEngine.DirectorModule_CodeGen.c" } },
{ "pid": 1, "tid": 23, "ts": 14472299.8046875, "dur": 24248.39973449707, "ph": "X", "name": "HashCompilerInvocation", "args": { "durationMS": 24.24839973449707, "detail": "UnityEngine.UnityWebRequestModule_CodeGen.c" } },
{ "pid": 1, "tid": 29, "ph": "M", "name": "thread_name", "args": { "name": "" } },
{ "pid": 1, "tid": 29, "ts": 14369315.4296875, "dur": 9988.200187683105, "ph": "X", "name": "HashCompilerInvocation", "args": { "durationMS": 9.988200187683105, "detail": "mscorlib_CodeGen.c" } },
{ "pid": 1, "tid": 29, "ts": 14379332.03125, "dur": 8477.899551391602, "ph": "X", "name": "HashCompilerInvocation", "args": { "durationMS": 8.477899551391602, "detail": "mscorlib5.cpp" } },
{ "pid": 1, "tid": 29, "ts": 14387833.984375, "dur": 7540.800094604492, "ph": "X", "name": "HashCompilerInvocation", "args": { "durationMS": 7.540800094604492, "detail": "mscorlib13.cpp" } },
{ "pid": 1, "tid": 29, "ts": 14395398.4375, "dur": 34876.30081176758, "ph": "X", "name": "HashCompilerInvocation", "args": { "durationMS": 34.87630081176758, "detail": "Cinemachine.cpp" } },
{ "pid": 1, "tid": 29, "ts": 14430304.6875, "dur": 11020.099639892578, "ph": "X", "name": "HashCompilerInvocation", "args": { "durationMS": 11.020099639892578, "detail": "UnityEngine.UI1.cpp" } },
{ "pid": 1, "tid": 29, "ts": 14441354.4921875, "dur": 4648.799896240234, "ph": "X", "name": "HashCompilerInvocation", "args": { "durationMS": 4.648799896240234, "detail": "Generics9.cpp" } },
{ "pid": 1, "tid": 29, "ts": 14446044.921875, "dur": 5094.299793243408, "ph": "X", "name": "HashCompilerInvocation", "args": { "durationMS": 5.094299793243408, "detail": "Generics15.cpp" } },
{ "pid": 1, "tid": 29, "ts": 14451170.8984375, "dur": 3273.9999294281006, "ph": "X", "name": "HashCompilerInvocation", "args": { "durationMS": 3.2739999294281006, "detail": "GenericMethods6.cpp" } },
{ "pid": 1, "tid": 29, "ts": 14454479.4921875, "dur": 3920.9001064300537, "ph": "X", "name": "HashCompilerInvocation", "args": { "durationMS": 3.9209001064300537, "detail": "UnityEngine.XRModule.cpp" } },
{ "pid": 1, "tid": 29, "ts": 14458435.546875, "dur": 1676.6999959945679, "ph": "X", "name": "HashCompilerInvocation", "args": { "durationMS": 1.6766999959945679, "detail": "UnityEngine.InputLegacyModule.cpp" } },
{ "pid": 1, "tid": 29, "ts": 14460143.5546875, "dur": 1891.4999961853027, "ph": "X", "name": "HashCompilerInvocation", "args": { "durationMS": 1.8914999961853027, "detail": "UnityEngine.UnityAnalyticsModule.cpp" } },
{ "pid": 1, "tid": 29, "ts": 14462058.59375, "dur": 3062.7999305725098, "ph": "X", "name": "HashCompilerInvocation", "args": { "durationMS": 3.0627999305725098, "detail": "UnityEngine.AssetBundleModule.cpp" } },
{ "pid": 1, "tid": 29, "ts": 14465148.4375, "dur": 3676.8999099731445, "ph": "X", "name": "HashCompilerInvocation", "args": { "durationMS": 3.6768999099731445, "detail": "UnityEngine.VRModule.cpp" } },
{ "pid": 1, "tid": 29, "ts": 14468849.609375, "dur": 1176.4999628067017, "ph": "X", "name": "HashCompilerInvocation", "args": { "durationMS": 1.1764999628067017, "detail": "UnityEngine.TextRenderingModule_CodeGen.c" } },
{ "pid": 1, "tid": 29, "ts": 14470050.78125, "dur": 1139.9999856948853, "ph": "X", "name": "HashCompilerInvocation", "args": { "durationMS": 1.1399999856948853, "detail": "Il2CppCodeRegistration.cpp" } },
{ "pid": 1, "tid": 29, "ts": 14471215.8203125, "dur": 2285.900115966797, "ph": "X", "name": "HashCompilerInvocation", "args": { "durationMS": 2.285900115966797, "detail": "UnityEngine.InputModule_CodeGen.c" } },
{ "pid": 1, "tid": 29, "ts": 14473532.2265625, "dur": 2531.6998958587646, "ph": "X", "name": "HashCompilerInvocation", "args": { "durationMS": 2.5316998958587646, "detail": "UnityEngine.VRModule_CodeGen.c" } },
{ "pid": 1, "tid": 29, "ts": 14476084.9609375, "dur": 998.6000061035156, "ph": "X", "name": "HashCompilerInvocation", "args": { "durationMS": 0.9986000061035156, "detail": "System.Xml_CodeGen.c" } },
{ "pid": 1, "tid": 29, "ts": 14477103.515625, "dur": 855.0999760627747, "ph": "X", "name": "HashCompilerInvocation", "args": { "durationMS": 0.8550999760627747, "detail": "UnityEngine.SpriteShapeModule_CodeGen.c" } },
{ "pid": 1, "tid": 29, "ts": 14477975.5859375, "dur": 853.2999753952026, "ph": "X", "name": "HashCompilerInvocation", "args": { "durationMS": 0.8532999753952026, "detail": "il2cpp-runtime-stats.cpp" } },
{ "pid": 1, "tid": 30, "ph": "M", "name": "thread_name", "args": { "name": "" } },
{ "pid": 1, "tid": 30, "ts": 14369318.359375, "dur": 9187.199592590332, "ph": "X", "name": "HashCompilerInvocation", "args": { "durationMS": 9.187199592590332, "detail": "Unity.TextMeshPro3.cpp" } },
{ "pid": 1, "tid": 30, "ts": 14378558.59375, "dur": 8513.099670410156, "ph": "X", "name": "HashCompilerInvocation", "args": { "durationMS": 8.513099670410156, "detail": "Unity.TextMeshPro1.cpp" } },
{ "pid": 1, "tid": 30, "ts": 14387103.515625, "dur": 7535.099983215332, "ph": "X", "name": "HashCompilerInvocation", "args": { "durationMS": 7.535099983215332, "detail": "Il2CppGenericMethodDefinitions.c" } },
{ "pid": 1, "tid": 30, "ts": 14394674.8046875, "dur": 35003.39889526367, "ph": "X", "name": "HashCompilerInvocation", "args": { "durationMS": 35.00339889526367, "detail": "mscorlib14.cpp" } },
{ "pid": 1, "tid": 30, "ts": 14429712.890625, "dur": 19069.299697875977, "ph": "X", "name": "HashCompilerInvocation", "args": { "durationMS": 19.069299697875977, "detail": "Generics5.cpp" } },
{ "pid": 1, "tid": 30, "ts": 14448805.6640625, "dur": 4794.300079345703, "ph": "X", "name": "HashCompilerInvocation", "args": { "durationMS": 4.794300079345703, "detail": "UnityEngine.CoreModule2.cpp" } },
{ "pid": 1, "tid": 30, "ts": 14453628.90625, "dur": 4266.600131988525, "ph": "X", "name": "HashCompilerInvocation", "args": { "durationMS": 4.266600131988525, "detail": "Il2CppCompilerCalculateTypeValuesTable.cpp" } },
{ "pid": 1, "tid": 30, "ts": 14457921.875, "dur": 1812.8000497817993, "ph": "X", "name": "HashCompilerInvocation", "args": { "durationMS": 1.8128000497817993, "detail": "UnityEngine.UIModule.cpp" } },
{ "pid": 1, "tid": 30, "ts": 14459757.8125, "dur": 1372.499942779541, "ph": "X", "name": "HashCompilerInvocation", "args": { "durationMS": 1.372499942779541, "detail": "UnityEngine.AudioModule.cpp" } },
{ "pid": 1, "tid": 30, "ts": 14461157.2265625, "dur": 1285.699963569641, "ph": "X", "name": "HashCompilerInvocation", "args": { "durationMS": 1.2856999635696411, "detail": "System.Configuration.cpp" } },
{ "pid": 1, "tid": 30, "ts": 14462464.84375, "dur": 5739.9001121521, "ph": "X", "name": "HashCompilerInvocation", "args": { "durationMS": 5.7399001121521, "detail": "UnityEngine.UIModule_CodeGen.c" } },
{ "pid": 1, "tid": 30, "ts": 14468235.3515625, "dur": 1353.600025177002, "ph": "X", "name": "HashCompilerInvocation", "args": { "durationMS": 1.353600025177002, "detail": "UnityEngine.XRModule_CodeGen.c" } },
{ "pid": 1, "tid": 30, "ts": 14469613.28125, "dur": 1354.699969291687, "ph": "X", "name": "HashCompilerInvocation", "args": { "durationMS": 1.354699969291687, "detail": "UnityEngine.SubsystemsModule_CodeGen.c" } },
{ "pid": 1, "tid": 30, "ts": 14470996.09375, "dur": 1986.799955368042, "ph": "X", "name": "HashCompilerInvocation", "args": { "durationMS": 1.986799955368042, "detail": "UnityEngine.SpriteShapeModule.cpp" } },
{ "pid": 1, "tid": 30, "ts": 14473027.34375, "dur": 23270.200729370117, "ph": "X", "name": "HashCompilerInvocation", "args": { "durationMS": 23.270200729370117, "detail": "UnityAdsStubs.cpp" } },
{ "pid": 1, "tid": 21, "ph": "M", "name": "thread_name", "args": { "name": "" } },
{ "pid": 1, "tid": 21, "ts": 14369322.265625, "dur": 13772.701263427734, "ph": "X", "name": "HashCompilerInvocation", "args": { "durationMS": 13.772701263427734, "detail": "Il2CppInvokerTable.cpp" } },
{ "pid": 1, "tid": 21, "ts": 14383120.1171875, "dur": 8133.999824523926, "ph": "X", "name": "HashCompilerInvocation", "args": { "durationMS": 8.133999824523926, "detail": "mscorlib16.cpp" } },
{ "pid": 1, "tid": 21, "ts": 14391279.296875, "dur": 35498.20327758789, "ph": "X", "name": "HashCompilerInvocation", "args": { "durationMS": 35.49820327758789, "detail": "mscorlib6.cpp" } },
{ "pid": 1, "tid": 21, "ts": 14426808.59375, "dur": 7310.100078582764, "ph": "X", "name": "HashCompilerInvocation", "args": { "durationMS": 7.310100078582764, "detail": "Cinemachine2.cpp" } },
{ "pid": 1, "tid": 21, "ts": 14434151.3671875, "dur": 7547.999858856201, "ph": "X", "name": "HashCompilerInvocation", "args": { "durationMS": 7.547999858856201, "detail": "System1.cpp" } },
{ "pid": 1, "tid": 21, "ts": 14441722.65625, "dur": 4693.999767303467, "ph": "X", "name": "HashCompilerInvocation", "args": { "durationMS": 4.693999767303467, "detail": "mscorlib17.cpp" } },
{ "pid": 1, "tid": 21, "ts": 14446448.2421875, "dur": 4749.800205230713, "ph": "X", "name": "HashCompilerInvocation", "args": { "durationMS": 4.749800205230713, "detail": "Generics14.cpp" } },
{ "pid": 1, "tid": 21, "ts": 14451225.5859375, "dur": 3296.799898147583, "ph": "X", "name": "HashCompilerInvocation", "args": { "durationMS": 3.296799898147583, "detail": "UnityEngine.AndroidJNIModule.cpp" } },
{ "pid": 1, "tid": 21, "ts": 14454556.640625, "dur": 4125.5998611450195, "ph": "X", "name": "HashCompilerInvocation", "args": { "durationMS": 4.1255998611450195, "detail": "UnityEngine.Physics2DModule.cpp" } },
{ "pid": 1, "tid": 21, "ts": 14458708.0078125, "dur": 1515.5999660491943, "ph": "X", "name": "HashCompilerInvocation", "args": { "durationMS": 1.5155999660491943, "detail": "Mono.Security.cpp" } },
{ "pid": 1, "tid": 21, "ts": 14460245.1171875, "dur": 1783.3000421524048, "ph": "X", "name": "HashCompilerInvocation", "args": { "durationMS": 1.7833000421524048, "detail": "UnityEngine.IMGUIModule_CodeGen.c" } },
{ "pid": 1, "tid": 21, "ts": 14462060.546875, "dur": 2918.9999103546143, "ph": "X", "name": "HashCompilerInvocation", "args": { "durationMS": 2.9189999103546143, "detail": "UnityEngine.TextCoreModule_CodeGen.c" } },
{ "pid": 1, "tid": 21, "ts": 14465022.4609375, "dur": 3897.5000381469727, "ph": "X", "name": "HashCompilerInvocation", "args": { "durationMS": 3.8975000381469727, "detail": "gzwrite.c" } },
{ "pid": 1, "tid": 21, "ts": 14468948.2421875, "dur": 1313.599944114685, "ph": "X", "name": "HashCompilerInvocation", "args": { "durationMS": 1.313599944114685, "detail": "inffast.c" } },
{ "pid": 1, "tid": 21, "ts": 14470281.25, "dur": 1233.199954032898, "ph": "X", "name": "HashCompilerInvocation", "args": { "durationMS": 1.233199954032898, "detail": "UnityEngine.GridModule.cpp" } },
{ "pid": 1, "tid": 21, "ts": 14471544.921875, "dur": 3950.0999450683594, "ph": "X", "name": "HashCompilerInvocation", "args": { "durationMS": 3.9500999450683594, "detail": "compress.c" } },
{ "pid": 1, "tid": 21, "ts": 14475531.25, "dur": 986.8000149726868, "ph": "X", "name": "HashCompilerInvocation", "args": { "durationMS": 0.9868000149726868, "detail": "UnityEngine.GridModule_CodeGen.c" } },
{ "pid": 1, "tid": 21, "ts": 14476537.109375, "dur": 826.69997215271, "ph": "X", "name": "HashCompilerInvocation", "args": { "durationMS": 0.82669997215271, "detail": "il2cpp-benchmark-support.cpp" } },
{ "pid": 1, "tid": 21, "ts": 14477382.8125, "dur": 816.2999749183655, "ph": "X", "name": "HashCompilerInvocation", "args": { "durationMS": 0.8162999749183655, "detail": "UnityEngine_CodeGen.c" } },
{ "pid": 1, "tid": 24, "ph": "M", "name": "thread_name", "args": { "name": "" } },
{ "pid": 1, "tid": 24, "ts": 14369327.1484375, "dur": 11103.300094604492, "ph": "X", "name": "HashCompilerInvocation", "args": { "durationMS": 11.103300094604492, "detail": "Il2CppGenericMethodPointerTable.cpp" } },
{ "pid": 1, "tid": 24, "ts": 14380456.0546875, "dur": 7864.500045776367, "ph": "X", "name": "HashCompilerInvocation", "args": { "durationMS": 7.864500045776367, "detail": "mscorlib10.cpp" } },
{ "pid": 1, "tid": 24, "ts": 14388353.515625, "dur": 7202.700138092041, "ph": "X", "name": "HashCompilerInvocation", "args": { "durationMS": 7.202700138092041, "detail": "Cinemachine1.cpp" } },
{ "pid": 1, "tid": 24, "ts": 14395584.9609375, "dur": 34860.198974609375, "ph": "X", "name": "HashCompilerInvocation", "args": { "durationMS": 34.860198974609375, "detail": "mscorlib3.cpp" } },
{ "pid": 1, "tid": 24, "ts": 14430476.5625, "dur": 18759.599685668945, "ph": "X", "name": "HashCompilerInvocation", "args": { "durationMS": 18.759599685668945, "detail": "Generics17.cpp" } },
{ "pid": 1, "tid": 24, "ts": 14449264.6484375, "dur": 3630.199909210205, "ph": "X", "name": "HashCompilerInvocation", "args": { "durationMS": 3.630199909210205, "detail": "Il2CppGenericInstDefinitions.c" } },
{ "pid": 1, "tid": 24, "ts": 14452927.734375, "dur": 4974.400043487549, "ph": "X", "name": "HashCompilerInvocation", "args": { "durationMS": 4.974400043487549, "detail": "UnityEngine.CoreModule_CodeGen.c" } },
{ "pid": 1, "tid": 24, "ts": 14457942.3828125, "dur": 2387.200117111206, "ph": "X", "name": "HashCompilerInvocation", "args": { "durationMS": 2.387200117111206, "detail": "UnityEngine.TextRenderingModule.cpp" } },
{ "pid": 1, "tid": 24, "ts": 14460364.2578125, "dur": 1659.3999862670898, "ph": "X", "name": "HashCompilerInvocation", "args": { "durationMS": 1.6593999862670898, "detail": "UnityEngine.AnimationModule_CodeGen.c" } },
{ "pid": 1, "tid": 24, "ts": 14462055.6640625, "dur": 5889.500141143799, "ph": "X", "name": "HashCompilerInvocation", "args": { "durationMS": 5.889500141143799, "detail": "xamarin_getifaddrs.c" } },
{ "pid": 1, "tid": 24, "ts": 14468215.8203125, "dur": 1209.1000080108643, "ph": "X", "name": "HashCompilerInvocation", "args": { "durationMS": 1.2091000080108643, "detail": "gzlib.c" } },
{ "pid": 1, "tid": 24, "ts": 14469447.265625, "dur": 1111.899971961975, "ph": "X", "name": "HashCompilerInvocation", "args": { "durationMS": 1.111899971961975, "detail": "Unity.2D.PixelPerfect_CodeGen.c" } },
{ "pid": 1, "tid": 24, "ts": 14470585.9375, "dur": 1182.2999715805054, "ph": "X", "name": "HashCompilerInvocation", "args": { "durationMS": 1.1822999715805054, "detail": "adler32.c" } },
{ "pid": 1, "tid": 24, "ts": 14471798.828125, "dur": 24519.901275634766, "ph": "X", "name": "HashCompilerInvocation", "args": { "durationMS": 24.519901275634766, "detail": "UnityEngine.AIModule_CodeGen.c" } },
{ "pid": 1, "tid": 27, "ph": "M", "name": "thread_name", "args": { "name": "" } },
{ "pid": 1, "tid": 27, "ts": 14369332.03125, "dur": 10143.099784851074, "ph": "X", "name": "HashCompilerInvocation", "args": { "durationMS": 10.143099784851074, "detail": "Unity.TextMeshPro.cpp" } },
{ "pid": 1, "tid": 27, "ts": 14379500, "dur": 8937.5, "ph": "X", "name": "HashCompilerInvocation", "args": { "durationMS": 8.9375, "detail": "mscorlib7.cpp" } },
{ "pid": 1, "tid": 27, "ts": 14388462.890625, "dur": 7277.900218963623, "ph": "X", "name": "HashCompilerInvocation", "args": { "durationMS": 7.277900218963623, "detail": "mscorlib9.cpp" } },
{ "pid": 1, "tid": 27, "ts": 14395768.5546875, "dur": 34732.70034790039, "ph": "X", "name": "HashCompilerInvocation", "args": { "durationMS": 34.73270034790039, "detail": "System.cpp" } },
{ "pid": 1, "tid": 27, "ts": 14430525.390625, "dur": 18148.1990814209, "ph": "X", "name": "HashCompilerInvocation", "args": { "durationMS": 18.1481990814209, "detail": "Generics12.cpp" } },
{ "pid": 1, "tid": 27, "ts": 14448700.1953125, "dur": 4763.500213623047, "ph": "X", "name": "HashCompilerInvocation", "args": { "durationMS": 4.763500213623047, "detail": "UnityEngine.UI3.cpp" } },
{ "pid": 1, "tid": 27, "ts": 14453496.09375, "dur": 4471.89998626709, "ph": "X", "name": "HashCompilerInvocation", "args": { "durationMS": 4.47189998626709, "detail": "UnresolvedVirtualCallStubs.cpp" } },
{ "pid": 1, "tid": 27, "ts": 14457987.3046875, "dur": 2059.9000453948975, "ph": "X", "name": "HashCompilerInvocation", "args": { "durationMS": 2.0599000453948975, "detail": "Il2CppInteropDataTable.cpp" } },
{ "pid": 1, "tid": 27, "ts": 14460076.171875, "dur": 2005.500078201294, "ph": "X", "name": "HashCompilerInvocation", "args": { "durationMS": 2.005500078201294, "detail": "UnityEngine.ParticleSystemModule.cpp" } },
{ "pid": 1, "tid": 27, "ts": 14462111.328125, "dur": 3155.4999351501465, "ph": "X", "name": "HashCompilerInvocation", "args": { "durationMS": 3.1554999351501465, "detail": "UnityEngine.PhysicsModule_CodeGen.c" } },
{ "pid": 1, "tid": 27, "ts": 14465305.6640625, "dur": 3969.3000316619873, "ph": "X", "name": "HashCompilerInvocation", "args": { "durationMS": 3.9693000316619873, "detail": "System.Core_CodeGen.c" } },
{ "pid": 1, "tid": 27, "ts": 14469299.8046875, "dur": 1097.3999500274658, "ph": "X", "name": "HashCompilerInvocation", "args": { "durationMS": 1.0973999500274658, "detail": "UnityEngine.AudioModule_CodeGen.c" } },
{ "pid": 1, "tid": 27, "ts": 14470422.8515625, "dur": 1225.499987602234, "ph": "X", "name": "HashCompilerInvocation", "args": { "durationMS": 1.2254999876022339, "detail": "System.Configuration_CodeGen.c" } },
{ "pid": 1, "tid": 27, "ts": 14471672.8515625, "dur": 24649.40071105957, "ph": "X", "name": "HashCompilerInvocation", "args": { "durationMS": 24.64940071105957, "detail": "Lump_libil2cpp_metadata.cpp" } },
{ "pid": 1, "tid": 26, "ph": "M", "name": "thread_name", "args": { "name": "" } },
{ "pid": 1, "tid": 26, "ts": 14369339.84375, "dur": 9571.100234985352, "ph": "X", "name": "HashCompilerInvocation", "args": { "durationMS": 9.571100234985352, "detail": "GenericMethods1.cpp" } },
{ "pid": 1, "tid": 26, "ts": 14378958.984375, "dur": 8552.900314331055, "ph": "X", "name": "HashCompilerInvocation", "args": { "durationMS": 8.552900314331055, "detail": "mscorlib12.cpp" } },
{ "pid": 1, "tid": 26, "ts": 14387537.109375, "dur": 7462.9998207092285, "ph": "X", "name": "HashCompilerInvocation", "args": { "durationMS": 7.4629998207092285, "detail": "UnityEngine.UI.cpp" } },
{ "pid": 1, "tid": 26, "ts": 14395026.3671875, "dur": 34837.69989013672, "ph": "X", "name": "HashCompilerInvocation", "args": { "durationMS": 34.83769989013672, "detail": "UnityEngine.UI2.cpp" } },
{ "pid": 1, "tid": 26, "ts": 14429893.5546875, "dur": 7744.200229644775, "ph": "X", "name": "HashCompilerInvocation", "args": { "durationMS": 7.744200229644775, "detail": "mscorlib4.cpp" } },
{ "pid": 1, "tid": 26, "ts": 14437666.015625, "dur": 16125.799179077148, "ph": "X", "name": "HashCompilerInvocation", "args": { "durationMS": 16.12579917907715, "detail": "Generics4.cpp" } },
{ "pid": 1, "tid": 26, "ts": 14453825.1953125, "dur": 4089.3001556396484, "ph": "X", "name": "HashCompilerInvocation", "args": { "durationMS": 4.089300155639648, "detail": "UnityEngine.TextCoreModule.cpp" } },
{ "pid": 1, "tid": 26, "ts": 14457939.453125, "dur": 1814.5999908447266, "ph": "X", "name": "HashCompilerInvocation", "args": { "durationMS": 1.8145999908447266, "detail": "Il2CppGenericClassTable.c" } },
{ "pid": 1, "tid": 26, "ts": 14459783.203125, "dur": 1385.3000402450562, "ph": "X", "name": "HashCompilerInvocation", "args": { "durationMS": 1.3853000402450562, "detail": "UnityEngine.UIElementsNativeModule.cpp" } },
{ "pid": 1, "tid": 26, "ts": 14461191.40625, "dur": 1429.4999837875366, "ph": "X", "name": "HashCompilerInvocation", "args": { "durationMS": 1.4294999837875366, "detail": "UnityEngine.AndroidJNIModule_CodeGen.c" } },
{ "pid": 1, "tid": 26, "ts": 14462646.484375, "dur": 2854.599952697754, "ph": "X", "name": "HashCompilerInvocation", "args": { "durationMS": 2.854599952697754, "detail": "UnityEngine.AIModule.cpp" } },
{ "pid": 1, "tid": 26, "ts": 14465530.2734375, "dur": 3959.5999717712402, "ph": "X", "name": "HashCompilerInvocation", "args": { "durationMS": 3.9595999717712402, "detail": "UnityEngine.SharedInternalsModule_CodeGen.c" } },
{ "pid": 1, "tid": 26, "ts": 14469516.6015625, "dur": 1116.1999702453613, "ph": "X", "name": "HashCompilerInvocation", "args": { "durationMS": 1.1161999702453613, "detail": "UnityEngine.TilemapModule_CodeGen.c" } },
{ "pid": 1, "tid": 26, "ts": 14470657.2265625, "dur": 1358.0000400543213, "ph": "X", "name": "HashCompilerInvocation", "args": { "durationMS": 1.3580000400543213, "detail": "Lump_libil2cpp_vm.cpp" } },
{ "pid": 1, "tid": 26, "ts": 14472038.0859375, "dur": 24184.70001220703, "ph": "X", "name": "HashCompilerInvocation", "args": { "durationMS": 24.18470001220703, "detail": "Lump_libil2cpp_utils.cpp" } },
{ "pid": 1, "tid": 22, "ph": "M", "name": "thread_name", "args": { "name": "" } },
{ "pid": 1, "tid": 22, "ts": 14369346.6796875, "dur": 13763.60034942627, "ph": "X", "name": "HashCompilerInvocation", "args": { "durationMS": 13.76360034942627, "detail": "Il2CppTypeDefinitions.c" } },
{ "pid": 1, "tid": 22, "ts": 14383138.671875, "dur": 7757.999897003174, "ph": "X", "name": "HashCompilerInvocation", "args": { "durationMS": 7.757999897003174, "detail": "Generics11.cpp" } },
{ "pid": 1, "tid": 22, "ts": 14390923.828125, "dur": 34886.29913330078, "ph": "X", "name": "HashCompilerInvocation", "args": { "durationMS": 34.88629913330078, "detail": "GenericMethods5.cpp" } },
{ "pid": 1, "tid": 22, "ts": 14425868.1640625, "dur": 6403.900146484375, "ph": "X", "name": "HashCompilerInvocation", "args": { "durationMS": 6.403900146484375, "detail": "mscorlib15.cpp" } },
{ "pid": 1, "tid": 22, "ts": 14432299.8046875, "dur": 9291.899681091309, "ph": "X", "name": "HashCompilerInvocation", "args": { "durationMS": 9.291899681091309, "detail": "Generics8.cpp" } },
{ "pid": 1, "tid": 22, "ts": 14441621.09375, "dur": 4522.69983291626, "ph": "X", "name": "HashCompilerInvocation", "args": { "durationMS": 4.52269983291626, "detail": "Generics3.cpp" } },
{ "pid": 1, "tid": 22, "ts": 14446163.0859375, "dur": 4216.100215911865, "ph": "X", "name": "HashCompilerInvocation", "args": { "durationMS": 4.216100215911865, "detail": "Generics1.cpp" } },
{ "pid": 1, "tid": 22, "ts": 14450404.296875, "dur": 3389.4999027252197, "ph": "X", "name": "HashCompilerInvocation", "args": { "durationMS": 3.3894999027252197, "detail": "UnityEngine.IMGUIModule.cpp" } },
{ "pid": 1, "tid": 22, "ts": 14453814.453125, "dur": 4384.6001625061035, "ph": "X", "name": "HashCompilerInvocation", "args": { "durationMS": 4.3846001625061035, "detail": "Cinemachine_CodeGen.c" } },
{ "pid": 1, "tid": 22, "ts": 14458224.609375, "dur": 1809.399962425232, "ph": "X", "name": "HashCompilerInvocation", "args": { "durationMS": 1.809399962425232, "detail": "System2.cpp" } },
{ "pid": 1, "tid": 22, "ts": 14460056.640625, "dur": 1735.0000143051147, "ph": "X", "name": "HashCompilerInvocation", "args": { "durationMS": 1.7350000143051147, "detail": "deflate.c" } },
{ "pid": 1, "tid": 22, "ts": 14461814.453125, "dur": 1479.7999858856201, "ph": "X", "name": "HashCompilerInvocation", "args": { "durationMS": 1.4797999858856201, "detail": "Assembly-CSharp_CodeGen.c" } },
{ "pid": 1, "tid": 22, "ts": 14463320.3125, "dur": 5552.499771118164, "ph": "X", "name": "HashCompilerInvocation", "args": { "durationMS": 5.552499771118164, "detail": "infback.c" } },
{ "pid": 1, "tid": 22, "ts": 14468902.34375, "dur": 1226.199984550476, "ph": "X", "name": "HashCompilerInvocation", "args": { "durationMS": 1.226199984550476, "detail": "inftrees.c" } },
{ "pid": 1, "tid": 22, "ts": 14470154.296875, "dur": 1224.9000072479248, "ph": "X", "name": "HashCompilerInvocation", "args": { "durationMS": 1.2249000072479248, "detail": "UnityEngine.ParticleSystemModule_CodeGen.c" } },
{ "pid": 1, "tid": 22, "ts": 14471402.34375, "dur": 2369.8999881744385, "ph": "X", "name": "HashCompilerInvocation", "args": { "durationMS": 2.3698999881744385, "detail": "Il2CppReversePInvokeWrapperTable.cpp" } },
{ "pid": 1, "tid": 22, "ts": 14473797.8515625, "dur": 2525.099992752075, "ph": "X", "name": "HashCompilerInvocation", "args": { "durationMS": 2.525099992752075, "detail": "UnityEngine.cpp" } },
{ "pid": 1, "tid": 22, "ts": 14476356.4453125, "dur": 1071.2000131607056, "ph": "X", "name": "HashCompilerInvocation", "args": { "durationMS": 1.0712000131607056, "detail": "gzclose.c" } },
{ "pid": 1, "tid": 22, "ts": 14477446.2890625, "dur": 1353.9999723434448, "ph": "X", "name": "HashCompilerInvocation", "args": { "durationMS": 1.3539999723434448, "detail": "Lump_libil2cpp_mono-runtime.cpp" } }
],
"meta_datetime": "12/13/2020 02:52:25",
"meta_command_line": "\"C:\\Program Files\\Unity\\Hub\\Editor\\2020.1.4f1\\Editor\\Data\\il2cpp\\build\\deploy\\netcoreapp3.0\\il2cpp.dll\" --convert-to-cpp --emit-null-checks --enable-array-bounds-check --dotnetprofile=unityaot --compile-cpp --libil2cpp-static --platform=WindowsDesktop --architecture=x64 --configuration=Release --outputpath=F:\\Repository\\DESN-Final\\GAME2014-F2020-Lab10Starter-main\\Temp/StagingArea/Data\\Native\\GameAssembly.dll --cachedirectory=F:\\Repository\\DESN-Final\\GAME2014-F2020-Lab10Starter-main\\Assets\\..\\Library/il2cpp_cache \"--baselib-directory=C:/Program Files/Unity/Hub/Editor/2020.1.4f1/Editor/Data/PlaybackEngines/WindowsStandaloneSupport\\Variations\\win64_nondevelopment_il2cpp\" --avoid-dynamic-library-copy --incremental-g-c-time-slice=3 --profiler-report \"--map-file-parser=C:/Program Files/Unity/Hub/Editor/2020.1.4f1/Editor/Data/Tools/MapFileParser/MapFileParser.exe\" --directory=F:/Repository/DESN-Final/GAME2014-F2020-Lab10Starter-main/Temp/StagingArea/Data/Managed --generatedcppdir=F:/Repository/DESN-Final/GAME2014-F2020-Lab10Starter-main/Temp/StagingArea/Data/il2cppOutput",
"meta_command_line_args": "C:\\Program Files\\Unity\\Hub\\Editor\\2020.1.4f1\\Editor\\Data\\il2cpp\\build\\deploy\\netcoreapp3.0\\il2cpp.dll --convert-to-cpp --emit-null-checks --enable-array-bounds-check --dotnetprofile=unityaot --compile-cpp --libil2cpp-static --platform=WindowsDesktop --architecture=x64 --configuration=Release --outputpath=F:\\Repository\\DESN-Final\\GAME2014-F2020-Lab10Starter-main\\Temp/StagingArea/Data\\Native\\GameAssembly.dll --cachedirectory=F:\\Repository\\DESN-Final\\GAME2014-F2020-Lab10Starter-main\\Assets\\..\\Library/il2cpp_cache --baselib-directory=C:/Program Files/Unity/Hub/Editor/2020.1.4f1/Editor/Data/PlaybackEngines/WindowsStandaloneSupport\\Variations\\win64_nondevelopment_il2cpp --avoid-dynamic-library-copy --incremental-g-c-time-slice=3 --profiler-report --map-file-parser=C:/Program Files/Unity/Hub/Editor/2020.1.4f1/Editor/Data/Tools/MapFileParser/MapFileParser.exe --directory=F:/Repository/DESN-Final/GAME2014-F2020-Lab10Starter-main/Temp/StagingArea/Data/Managed --generatedcppdir=F:/Repository/DESN-Final/GAME2014-F2020-Lab10Starter-main/Temp/StagingArea/Data/il2cppOutput",
"meta_user_name": "Joon",
"meta_os_version": "Microsoft Windows NT 6.2.9200.0",
"meta_cpu_count": "12"}
