{
"instructions_readme": "1) Open Chrome, 2) go to chrome://tracing, 3) click Load, 4) navigate to this file.",

"traceEvents":[
{ "pid": 1, "tid": 1, "ph": "M", "name": "thread_name", "args": { "name": "" } },
{ "pid": 1, "tid": 1, "ts": 639.8000121116638, "dur": 15107761.71875, "ph": "X", "name": "il2cpp.exe", "args": { "durationMS": 15107.76171875, "detail": "" } },
{ "pid": 1, "tid": 1, "ts": 7904.900074005127, "dur": 12875289.0625, "ph": "X", "name": "ConvertAssemblies", "args": { "durationMS": 12875.2890625, "detail": "" } },
{ "pid": 1, "tid": 1, "ts": 26952.701568603516, "dur": 211694.9005126953, "ph": "X", "name": "Collect assemblies to convert", "args": { "durationMS": 211.6949005126953, "detail": "" } },
{ "pid": 1, "tid": 1, "ts": 239138.19885253906, "dur": 29074.899673461914, "ph": "X", "name": "RegisterCorlib", "args": { "durationMS": 29.074899673461914, "detail": "" } },
{ "pid": 1, "tid": 1, "ts": 268459.5947265625, "dur": 41571.70104980469, "ph": "X", "name": "PreProcessIL", "args": { "durationMS": 41.57170104980469, "detail": "" } },
{ "pid": 1, "tid": 1, "ts": 268459.8083496094, "dur": 9262.59994506836, "ph": "X", "name": "Inject base types and finalizers into COM and Windows Runtime types", "args": { "durationMS": 9.26259994506836, "detail": "" } },
{ "pid": 1, "tid": 1, "ts": 268704.89501953125, "dur": 7549.099922180176, "ph": "X", "name": "ModifyCOMAndWindowsRuntimeTypes in assembly", "args": { "durationMS": 7.549099922180176, "detail": "mscorlib" } },
{ "pid": 1, "tid": 1, "ts": 277722.5036621094, "dur": 32308.49838256836, "ph": "X", "name": "ApplyDefaultMarshalAsAttribute", "args": { "durationMS": 32.30849838256836, "detail": "" } },
{ "pid": 1, "tid": 1, "ts": 277964.5080566406, "dur": 20352.3006439209, "ph": "X", "name": "ApplyDefaultMarshalAsAttributeVisitor in assembly", "args": { "durationMS": 20.3523006439209, "detail": "mscorlib" } },
{ "pid": 1, "tid": 1, "ts": 298372.98583984375, "dur": 2528.0001163482666, "ph": "X", "name": "ApplyDefaultMarshalAsAttributeVisitor in assembly", "args": { "durationMS": 2.5280001163482666, "detail": "System" } },
{ "pid": 1, "tid": 1, "ts": 301104.5837402344, "dur": 1975.9000539779663, "ph": "X", "name": "ApplyDefaultMarshalAsAttributeVisitor in assembly", "args": { "durationMS": 1.9759000539779663, "detail": "UnityEngine.CoreModule" } },
{ "pid": 1, "tid": 1, "ts": 304186.0046386719, "dur": 519.5000171661377, "ph": "X", "name": "ApplyDefaultMarshalAsAttributeVisitor in assembly", "args": { "durationMS": 0.5195000171661377, "detail": "Unity.Timeline" } },
{ "pid": 1, "tid": 1, "ts": 304705.99365234375, "dur": 1476.5000343322754, "ph": "X", "name": "ApplyDefaultMarshalAsAttributeVisitor in assembly", "args": { "durationMS": 1.4765000343322754, "detail": "UnityEngine.UI" } },
{ "pid": 1, "tid": 1, "ts": 306269.5007324219, "dur": 1150.0999927520752, "ph": "X", "name": "ApplyDefaultMarshalAsAttributeVisitor in assembly", "args": { "durationMS": 1.1500999927520752, "detail": "Cinemachine" } },
{ "pid": 1, "tid": 1, "ts": 307429.2907714844, "dur": 403.2000005245209, "ph": "X", "name": "ApplyDefaultMarshalAsAttributeVisitor in assembly", "args": { "durationMS": 0.4032000005245209, "detail": "UnityEngine.AndroidJNIModule" } },
{ "pid": 1, "tid": 1, "ts": 308197.7233886719, "dur": 1667.4000024795532, "ph": "X", "name": "ApplyDefaultMarshalAsAttributeVisitor in assembly", "args": { "durationMS": 1.6674000024795532, "detail": "Unity.TextMeshPro" } },
{ "pid": 1, "tid": 1, "ts": 310165.8935546875, "dur": 5187.600135803223, "ph": "X", "name": "WriteResources", "args": { "durationMS": 5.187600135803223, "detail": "" } },
{ "pid": 1, "tid": 1, "ts": 315539.3981933594, "dur": 257089.69116210938, "ph": "X", "name": "CopyEtcFolder", "args": { "durationMS": 257.0896911621094, "detail": "" } },
{ "pid": 1, "tid": 1, "ts": 573675.9033203125, "dur": 130670.50170898438, "ph": "X", "name": "PreProcessStage", "args": { "durationMS": 130.67050170898438, "detail": "" } },
{ "pid": 1, "tid": 1, "ts": 705221.5576171875, "dur": 1323.5000371932983, "ph": "X", "name": "Debugger Sequence Points", "args": { "durationMS": 1.3235000371932983, "detail": "" } },
{ "pid": 1, "tid": 1, "ts": 707468.3837890625, "dur": 576822.6928710938, "ph": "X", "name": "Generics Collection", "args": { "durationMS": 576.8226928710938, "detail": "" } },
{ "pid": 1, "tid": 1, "ts": 707468.5668945312, "dur": 549997.1313476562, "ph": "X", "name": "GenericsCollector.Collect", "args": { "durationMS": 549.9971313476562, "detail": "" } },
{ "pid": 1, "tid": 1, "ts": 708265.6860351562, "dur": 17523.799896240234, "ph": "X", "name": "GenericCodeFlowGraphCollector.Collect", "args": { "durationMS": 17.523799896240234, "detail": "" } },
{ "pid": 1, "tid": 1, "ts": 708265.8081054688, "dur": 17060.400009155273, "ph": "X", "name": "GenericCodeFlowGraphCollector.GetTypesAndMethodsForAnalysis", "args": { "durationMS": 17.060400009155273, "detail": "" } },
{ "pid": 1, "tid": 1, "ts": 1257465.9423828125, "dur": 25579.90074157715, "ph": "X", "name": "CollectGenericVirtualMethods.Collect", "args": { "durationMS": 25.57990074157715, "detail": "" } },
{ "pid": 1, "tid": 1, "ts": 1283046.0205078125, "dur": 1027.1999835968018, "ph": "X", "name": "AddExtraTypes", "args": { "durationMS": 1.0271999835968018, "detail": "" } },
{ "pid": 1, "tid": 1, "ts": 1284291.259765625, "dur": 1746.0999488830566, "ph": "X", "name": "Add Windows Runtime type names", "args": { "durationMS": 1.7460999488830566, "detail": "" } },
{ "pid": 1, "tid": 1, "ts": 1286962.0361328125, "dur": 5698345.21484375, "ph": "X", "name": "AllAssemblyConversion", "args": { "durationMS": 5698.34521484375, "detail": "" } },
{ "pid": 1, "tid": 1, "ts": 1287541.9921875, "dur": 2812118.896484375, "ph": "X", "name": "Convert assembly non-generic methods", "args": { "durationMS": 2812.118896484375, "detail": "mscorlib" } },
{ "pid": 1, "tid": 1, "ts": 4099675.78125, "dur": 8825.09994506836, "ph": "X", "name": "Convert assembly non-generic methods", "args": { "durationMS": 8.82509994506836, "detail": "System.Configuration" } },
{ "pid": 1, "tid": 1, "ts": 4108503.90625, "dur": 11076.600074768066, "ph": "X", "name": "Convert assembly non-generic methods", "args": { "durationMS": 11.076600074768066, "detail": "Mono.Security" } },
{ "pid": 1, "tid": 1, "ts": 4119583.0078125, "dur": 962.7000093460083, "ph": "X", "name": "Convert assembly non-generic methods", "args": { "durationMS": 0.9627000093460083, "detail": "System.Xml" } },
{ "pid": 1, "tid": 1, "ts": 4120546.875, "dur": 203926.01013183594, "ph": "X", "name": "Convert assembly non-generic methods", "args": { "durationMS": 203.92601013183594, "detail": "System" } },
{ "pid": 1, "tid": 1, "ts": 4324474.609375, "dur": 5223.499774932861, "ph": "X", "name": "Convert assembly non-generic methods", "args": { "durationMS": 5.223499774932861, "detail": "System.Core" } },
{ "pid": 1, "tid": 1, "ts": 4329699.21875, "dur": 12740.400314331055, "ph": "X", "name": "Convert assembly non-generic methods", "args": { "durationMS": 12.740400314331055, "detail": "UnityEngine.SharedInternalsModule" } },
{ "pid": 1, "tid": 1, "ts": 4342441.89453125, "dur": 269794.49462890625, "ph": "X", "name": "Convert assembly non-generic methods", "args": { "durationMS": 269.79449462890625, "detail": "UnityEngine.CoreModule" } },
{ "pid": 1, "tid": 1, "ts": 4612238.76953125, "dur": 1065.7000541687012, "ph": "X", "name": "Convert assembly non-generic methods", "args": { "durationMS": 1.0657000541687012, "detail": "UnityEngine.GridModule" } },
{ "pid": 1, "tid": 1, "ts": 4613305.6640625, "dur": 10886.699676513672, "ph": "X", "name": "Convert assembly non-generic methods", "args": { "durationMS": 10.886699676513672, "detail": "UnityEngine.InputLegacyModule" } },
{ "pid": 1, "tid": 1, "ts": 4624193.359375, "dur": 16266.000747680664, "ph": "X", "name": "Convert assembly non-generic methods", "args": { "durationMS": 16.266000747680664, "detail": "UnityEngine.Physics2DModule" } },
{ "pid": 1, "tid": 1, "ts": 4640461.42578125, "dur": 20869.199752807617, "ph": "X", "name": "Convert assembly non-generic methods", "args": { "durationMS": 20.869199752807617, "detail": "UnityEngine.TextRenderingModule" } },
{ "pid": 1, "tid": 1, "ts": 4661334.47265625, "dur": 46940.1969909668, "ph": "X", "name": "Convert assembly non-generic methods", "args": { "durationMS": 46.9401969909668, "detail": "UnityEngine.AnimationModule" } },
{ "pid": 1, "tid": 1, "ts": 4708280.2734375, "dur": 9737.600326538086, "ph": "X", "name": "Convert assembly non-generic methods", "args": { "durationMS": 9.737600326538086, "detail": "UnityEngine.AudioModule" } },
{ "pid": 1, "tid": 1, "ts": 4718020.99609375, "dur": 7614.3999099731445, "ph": "X", "name": "Convert assembly non-generic methods", "args": { "durationMS": 7.6143999099731445, "detail": "UnityEngine.DirectorModule" } },
{ "pid": 1, "tid": 1, "ts": 4725639.16015625, "dur": 47700.801849365234, "ph": "X", "name": "Convert assembly non-generic methods", "args": { "durationMS": 47.700801849365234, "detail": "UnityEngine.IMGUIModule" } },
{ "pid": 1, "tid": 1, "ts": 4773342.7734375, "dur": 10284.199714660645, "ph": "X", "name": "Convert assembly non-generic methods", "args": { "durationMS": 10.284199714660645, "detail": "UnityEngine.ParticleSystemModule" } },
{ "pid": 1, "tid": 1, "ts": 4783631.34765625, "dur": 17932.39974975586, "ph": "X", "name": "Convert assembly non-generic methods", "args": { "durationMS": 17.93239974975586, "detail": "UnityEngine.PhysicsModule" } },
{ "pid": 1, "tid": 1, "ts": 4801566.89453125, "dur": 993.3000206947327, "ph": "X", "name": "Convert assembly non-generic methods", "args": { "durationMS": 0.9933000206947327, "detail": "UnityEngine.SpriteShapeModule" } },
{ "pid": 1, "tid": 1, "ts": 4802561.5234375, "dur": 16595.699310302734, "ph": "X", "name": "Convert assembly non-generic methods", "args": { "durationMS": 16.595699310302734, "detail": "UnityEngine.SubsystemsModule" } },
{ "pid": 1, "tid": 1, "ts": 4819161.62109375, "dur": 13385.499954223633, "ph": "X", "name": "Convert assembly non-generic methods", "args": { "durationMS": 13.385499954223633, "detail": "UnityEngine.TilemapModule" } },
{ "pid": 1, "tid": 1, "ts": 4832552.24609375, "dur": 19935.901641845703, "ph": "X", "name": "Convert assembly non-generic methods", "args": { "durationMS": 19.935901641845703, "detail": "UnityEngine.UIModule" } },
{ "pid": 1, "tid": 1, "ts": 4852493.1640625, "dur": 13821.599960327148, "ph": "X", "name": "Convert assembly non-generic methods", "args": { "durationMS": 13.821599960327148, "detail": "Unity.2D.PixelPerfect" } },
{ "pid": 1, "tid": 1, "ts": 4866316.89453125, "dur": 104187.00408935547, "ph": "X", "name": "Convert assembly non-generic methods", "args": { "durationMS": 104.18700408935547, "detail": "Unity.Timeline" } },
{ "pid": 1, "tid": 1, "ts": 4970509.27734375, "dur": 418662.41455078125, "ph": "X", "name": "Convert assembly non-generic methods", "args": { "durationMS": 418.66241455078125, "detail": "UnityEngine.UI" } },
{ "pid": 1, "tid": 1, "ts": 5389175.78125, "dur": 28454.498291015625, "ph": "X", "name": "Convert assembly non-generic methods", "args": { "durationMS": 28.454498291015625, "detail": "UnityEngine.XRModule" } },
{ "pid": 1, "tid": 1, "ts": 5417635.25390625, "dur": 366751.89208984375, "ph": "X", "name": "Convert assembly non-generic methods", "args": { "durationMS": 366.75189208984375, "detail": "Cinemachine" } },
{ "pid": 1, "tid": 1, "ts": 5784388.671875, "dur": 6894.2999839782715, "ph": "X", "name": "Convert assembly non-generic methods", "args": { "durationMS": 6.8942999839782715, "detail": "UnityEngine.AIModule" } },
{ "pid": 1, "tid": 1, "ts": 5791284.66796875, "dur": 59152.198791503906, "ph": "X", "name": "Convert assembly non-generic methods", "args": { "durationMS": 59.152198791503906, "detail": "UnityEngine.AndroidJNIModule" } },
{ "pid": 1, "tid": 1, "ts": 5850441.89453125, "dur": 8661.800384521484, "ph": "X", "name": "Convert assembly non-generic methods", "args": { "durationMS": 8.661800384521484, "detail": "UnityEngine.AssetBundleModule" } },
{ "pid": 1, "tid": 1, "ts": 5859107.421875, "dur": 9591.300010681152, "ph": "X", "name": "Convert assembly non-generic methods", "args": { "durationMS": 9.591300010681152, "detail": "UnityEngine.InputModule" } },
{ "pid": 1, "tid": 1, "ts": 5868700.68359375, "dur": 20210.1993560791, "ph": "X", "name": "Convert assembly non-generic methods", "args": { "durationMS": 20.2101993560791, "detail": "UnityEngine.TerrainModule" } },
{ "pid": 1, "tid": 1, "ts": 5888916.50390625, "dur": 24933.5994720459, "ph": "X", "name": "Convert assembly non-generic methods", "args": { "durationMS": 24.9335994720459, "detail": "UnityEngine.TextCoreModule" } },
{ "pid": 1, "tid": 1, "ts": 5913856.93359375, "dur": 66068.00079345703, "ph": "X", "name": "Convert assembly non-generic methods", "args": { "durationMS": 66.06800079345703, "detail": "UnityEngine.UIElementsNativeModule" } },
{ "pid": 1, "tid": 1, "ts": 5979963.37890625, "dur": 10254.799842834473, "ph": "X", "name": "Convert assembly non-generic methods", "args": { "durationMS": 10.254799842834473, "detail": "UnityEngine.UnityAnalyticsModule" } },
{ "pid": 1, "tid": 1, "ts": 5990221.6796875, "dur": 6625.699996948242, "ph": "X", "name": "Convert assembly non-generic methods", "args": { "durationMS": 6.625699996948242, "detail": "UnityEngine.UnityWebRequestModule" } },
{ "pid": 1, "tid": 1, "ts": 5996852.05078125, "dur": 7412.799835205078, "ph": "X", "name": "Convert assembly non-generic methods", "args": { "durationMS": 7.412799835205078, "detail": "UnityEngine.VFXModule" } },
{ "pid": 1, "tid": 1, "ts": 6004267.08984375, "dur": 6689.000129699707, "ph": "X", "name": "Convert assembly non-generic methods", "args": { "durationMS": 6.689000129699707, "detail": "UnityEngine.VRModule" } },
{ "pid": 1, "tid": 1, "ts": 6010961.9140625, "dur": 8802.70004272461, "ph": "X", "name": "Convert assembly non-generic methods", "args": { "durationMS": 8.80270004272461, "detail": "UnityEngine.VideoModule" } },
{ "pid": 1, "tid": 1, "ts": 6019766.11328125, "dur": 928932.12890625, "ph": "X", "name": "Convert assembly non-generic methods", "args": { "durationMS": 928.93212890625, "detail": "Unity.TextMeshPro" } },
{ "pid": 1, "tid": 1, "ts": 6948701.171875, "dur": 879.1000247001648, "ph": "X", "name": "Convert assembly non-generic methods", "args": { "durationMS": 0.8791000247001648, "detail": "UnityEngine" } },
{ "pid": 1, "tid": 1, "ts": 6949581.54296875, "dur": 35720.699310302734, "ph": "X", "name": "Convert assembly non-generic methods", "args": { "durationMS": 35.720699310302734, "detail": "Assembly-CSharp" } },
{ "pid": 1, "tid": 1, "ts": 6985648.4375, "dur": 3665295.654296875, "ph": "X", "name": "WriteGenerics", "args": { "durationMS": 3665.295654296875, "detail": "" } },
{ "pid": 1, "tid": 1, "ts": 6987157.71484375, "dur": 913008.3618164062, "ph": "X", "name": "GenericInstanceMethods", "args": { "durationMS": 913.0083618164062, "detail": "" } },
{ "pid": 1, "tid": 1, "ts": 7900167.48046875, "dur": 2549508.056640625, "ph": "X", "name": "GenericInstanceTypes", "args": { "durationMS": 2549.508056640625, "detail": "" } },
{ "pid": 1, "tid": 1, "ts": 10449947.265625, "dur": 200987.09106445312, "ph": "X", "name": "GenericComDefinitions", "args": { "durationMS": 200.98709106445312, "detail": "" } },
{ "pid": 1, "tid": 1, "ts": 10651383.7890625, "dur": 971.4000225067139, "ph": "X", "name": "Executable Processing", "args": { "durationMS": 0.9714000225067139, "detail": "" } },
{ "pid": 1, "tid": 1, "ts": 10652733.3984375, "dur": 197520.49255371094, "ph": "X", "name": "MetadataCollector", "args": { "durationMS": 197.52049255371094, "detail": "" } },
{ "pid": 1, "tid": 1, "ts": 10654208.984375, "dur": 9274.00016784668, "ph": "X", "name": "UpdateEmptyTokens", "args": { "durationMS": 9.27400016784668, "detail": "" } },
{ "pid": 1, "tid": 1, "ts": 10664641.6015625, "dur": 10326.399803161621, "ph": "X", "name": "ValidateTokens", "args": { "durationMS": 10.326399803161621, "detail": "" } },
{ "pid": 1, "tid": 1, "ts": 10850902.34375, "dur": 1504.4000148773193, "ph": "X", "name": "Write COM Callable Wrappers", "args": { "durationMS": 1.5044000148773193, "detail": "" } },
{ "pid": 1, "tid": 1, "ts": 10851993.1640625, "dur": 411.79999709129333, "ph": "X", "name": "Collect implemented projected interfaces by COM Callable Wrappers", "args": { "durationMS": 0.41179999709129333, "detail": "" } },
{ "pid": 1, "tid": 1, "ts": 10852582.03125, "dur": 922.2000241279602, "ph": "X", "name": "Write Windows Runtime Factories", "args": { "durationMS": 0.9222000241279602, "detail": "" } },
{ "pid": 1, "tid": 1, "ts": 10854083.0078125, "dur": 2027092.1630859375, "ph": "X", "name": "Metadata", "args": { "durationMS": 2027.0921630859375, "detail": "Global" } },
{ "pid": 1, "tid": 1, "ts": 10892336.9140625, "dur": 405169.7998046875, "ph": "X", "name": "Il2CppAttributes.cpp", "args": { "durationMS": 405.1697998046875, "detail": "" } },
{ "pid": 1, "tid": 1, "ts": 11418150.390625, "dur": 36495.30029296875, "ph": "X", "name": "UnresolvedVirtualCallStubs.cpp", "args": { "durationMS": 36.49530029296875, "detail": "" } },
{ "pid": 1, "tid": 1, "ts": 11457152.34375, "dur": 524207.51953125, "ph": "X", "name": "WriteCodeRegistration", "args": { "durationMS": 524.20751953125, "detail": "" } },
{ "pid": 1, "tid": 1, "ts": 11457176.7578125, "dur": 56053.19595336914, "ph": "X", "name": "mscorlib_CodeGen.c", "args": { "durationMS": 56.05319595336914, "detail": "" } },
{ "pid": 1, "tid": 1, "ts": 11500409.1796875, "dur": 4409.6999168396, "ph": "X", "name": "GenericContextCollector", "args": { "durationMS": 4.4096999168396, "detail": "Collect" } },
{ "pid": 1, "tid": 1, "ts": 11513260.7421875, "dur": 1069.9000358581543, "ph": "X", "name": "System.Configuration_CodeGen.c", "args": { "durationMS": 1.0699000358581543, "detail": "" } },
{ "pid": 1, "tid": 1, "ts": 11514338.8671875, "dur": 742.2999739646912, "ph": "X", "name": "Mono.Security_CodeGen.c", "args": { "durationMS": 0.7422999739646912, "detail": "" } },
{ "pid": 1, "tid": 1, "ts": 11515086.9140625, "dur": 4893.799781799316, "ph": "X", "name": "System.Xml_CodeGen.c", "args": { "durationMS": 4.893799781799316, "detail": "" } },
{ "pid": 1, "tid": 1, "ts": 11520007.8125, "dur": 8985.300064086914, "ph": "X", "name": "System_CodeGen.c", "args": { "durationMS": 8.985300064086914, "detail": "" } },
{ "pid": 1, "tid": 1, "ts": 11529008.7890625, "dur": 5086.699962615967, "ph": "X", "name": "System.Core_CodeGen.c", "args": { "durationMS": 5.086699962615967, "detail": "" } },
{ "pid": 1, "tid": 1, "ts": 11534115.234375, "dur": 4980.800151824951, "ph": "X", "name": "UnityEngine.SharedInternalsModule_CodeGen.c", "args": { "durationMS": 4.980800151824951, "detail": "" } },
{ "pid": 1, "tid": 1, "ts": 11539107.421875, "dur": 15464.599609375, "ph": "X", "name": "UnityEngine.CoreModule_CodeGen.c", "args": { "durationMS": 15.464599609375, "detail": "" } },
{ "pid": 1, "tid": 1, "ts": 11554587.890625, "dur": 745.5999851226807, "ph": "X", "name": "UnityEngine.GridModule_CodeGen.c", "args": { "durationMS": 0.7455999851226807, "detail": "" } },
{ "pid": 1, "tid": 1, "ts": 11555339.84375, "dur": 4580.299854278564, "ph": "X", "name": "UnityEngine.InputLegacyModule_CodeGen.c", "args": { "durationMS": 4.5802998542785645, "detail": "" } },
{ "pid": 1, "tid": 1, "ts": 11559926.7578125, "dur": 5262.1002197265625, "ph": "X", "name": "UnityEngine.Physics2DModule_CodeGen.c", "args": { "durationMS": 5.2621002197265625, "detail": "" } },
{ "pid": 1, "tid": 1, "ts": 11565212.890625, "dur": 4942.399978637695, "ph": "X", "name": "UnityEngine.TextRenderingModule_CodeGen.c", "args": { "durationMS": 4.942399978637695, "detail": "" } },
{ "pid": 1, "tid": 1, "ts": 11570166.015625, "dur": 6301.8999099731445, "ph": "X", "name": "UnityEngine.AnimationModule_CodeGen.c", "args": { "durationMS": 6.3018999099731445, "detail": "" } },
{ "pid": 1, "tid": 1, "ts": 11576483.3984375, "dur": 4948.699951171875, "ph": "X", "name": "UnityEngine.AudioModule_CodeGen.c", "args": { "durationMS": 4.948699951171875, "detail": "" } },
{ "pid": 1, "tid": 1, "ts": 11581440.4296875, "dur": 853.6999821662903, "ph": "X", "name": "UnityEngine.DirectorModule_CodeGen.c", "args": { "durationMS": 0.8536999821662903, "detail": "" } },
{ "pid": 1, "tid": 1, "ts": 11582316.40625, "dur": 5933.700084686279, "ph": "X", "name": "UnityEngine.IMGUIModule_CodeGen.c", "args": { "durationMS": 5.933700084686279, "detail": "" } },
{ "pid": 1, "tid": 1, "ts": 11588260.7421875, "dur": 871.5999722480774, "ph": "X", "name": "UnityEngine.ParticleSystemModule_CodeGen.c", "args": { "durationMS": 0.8715999722480774, "detail": "" } },
{ "pid": 1, "tid": 1, "ts": 11589140.625, "dur": 4954.19979095459, "ph": "X", "name": "UnityEngine.PhysicsModule_CodeGen.c", "args": { "durationMS": 4.95419979095459, "detail": "" } },
{ "pid": 1, "tid": 1, "ts": 11594105.46875, "dur": 638.4000182151794, "ph": "X", "name": "UnityEngine.SpriteShapeModule_CodeGen.c", "args": { "durationMS": 0.6384000182151794, "detail": "" } },
{ "pid": 1, "tid": 1, "ts": 11594750, "dur": 825.8000016212463, "ph": "X", "name": "UnityEngine.SubsystemsModule_CodeGen.c", "args": { "durationMS": 0.8258000016212463, "detail": "" } },
{ "pid": 1, "tid": 1, "ts": 11595583.0078125, "dur": 5175.600051879883, "ph": "X", "name": "UnityEngine.TilemapModule_CodeGen.c", "args": { "durationMS": 5.175600051879883, "detail": "" } },
{ "pid": 1, "tid": 1, "ts": 11600769.53125, "dur": 5299.300193786621, "ph": "X", "name": "UnityEngine.UIModule_CodeGen.c", "args": { "durationMS": 5.299300193786621, "detail": "" } },
{ "pid": 1, "tid": 1, "ts": 11606080.078125, "dur": 5219.399929046631, "ph": "X", "name": "Unity.2D.PixelPerfect_CodeGen.c", "args": { "durationMS": 5.219399929046631, "detail": "" } },
{ "pid": 1, "tid": 1, "ts": 11611313.4765625, "dur": 7974.400043487549, "ph": "X", "name": "Unity.Timeline_CodeGen.c", "args": { "durationMS": 7.974400043487549, "detail": "" } },
{ "pid": 1, "tid": 1, "ts": 11619337.890625, "dur": 13788.800239562988, "ph": "X", "name": "UnityEngine.UI_CodeGen.c", "args": { "durationMS": 13.788800239562988, "detail": "" } },
{ "pid": 1, "tid": 1, "ts": 11633150.390625, "dur": 5511.199951171875, "ph": "X", "name": "UnityEngine.XRModule_CodeGen.c", "args": { "durationMS": 5.511199951171875, "detail": "" } },
{ "pid": 1, "tid": 1, "ts": 11638667.96875, "dur": 10587.699890136719, "ph": "X", "name": "Cinemachine_CodeGen.c", "args": { "durationMS": 10.587699890136719, "detail": "" } },
{ "pid": 1, "tid": 1, "ts": 11649273.4375, "dur": 859.6000075340271, "ph": "X", "name": "UnityEngine.AIModule_CodeGen.c", "args": { "durationMS": 0.8596000075340271, "detail": "" } },
{ "pid": 1, "tid": 1, "ts": 11650139.6484375, "dur": 6050.7001876831055, "ph": "X", "name": "UnityEngine.AndroidJNIModule_CodeGen.c", "args": { "durationMS": 6.0507001876831055, "detail": "" } },
{ "pid": 1, "tid": 1, "ts": 11656204.1015625, "dur": 4873.099803924561, "ph": "X", "name": "UnityEngine.AssetBundleModule_CodeGen.c", "args": { "durationMS": 4.8730998039245605, "detail": "" } },
{ "pid": 1, "tid": 1, "ts": 11661087.890625, "dur": 889.5999789237976, "ph": "X", "name": "UnityEngine.InputModule_CodeGen.c", "args": { "durationMS": 0.8895999789237976, "detail": "" } },
{ "pid": 1, "tid": 1, "ts": 11661984.375, "dur": 5249.000072479248, "ph": "X", "name": "UnityEngine.TerrainModule_CodeGen.c", "args": { "durationMS": 5.249000072479248, "detail": "" } },
{ "pid": 1, "tid": 1, "ts": 11667243.1640625, "dur": 5918.300151824951, "ph": "X", "name": "UnityEngine.TextCoreModule_CodeGen.c", "args": { "durationMS": 5.918300151824951, "detail": "" } },
{ "pid": 1, "tid": 1, "ts": 11673171.875, "dur": 837.7000093460083, "ph": "X", "name": "UnityEngine.UIElementsNativeModule_CodeGen.c", "args": { "durationMS": 0.8377000093460083, "detail": "" } },
{ "pid": 1, "tid": 1, "ts": 11674015.625, "dur": 879.8999786376953, "ph": "X", "name": "UnityEngine.UnityAnalyticsModule_CodeGen.c", "args": { "durationMS": 0.8798999786376953, "detail": "" } },
{ "pid": 1, "tid": 1, "ts": 11674902.34375, "dur": 629.5999884605408, "ph": "X", "name": "UnityEngine.UnityWebRequestModule_CodeGen.c", "args": { "durationMS": 0.6295999884605408, "detail": "" } },
{ "pid": 1, "tid": 1, "ts": 11675538.0859375, "dur": 660.0000262260437, "ph": "X", "name": "UnityEngine.VFXModule_CodeGen.c", "args": { "durationMS": 0.6600000262260437, "detail": "" } },
{ "pid": 1, "tid": 1, "ts": 11676204.1015625, "dur": 619.8999881744385, "ph": "X", "name": "UnityEngine.VRModule_CodeGen.c", "args": { "durationMS": 0.6198999881744385, "detail": "" } },
{ "pid": 1, "tid": 1, "ts": 11676829.1015625, "dur": 4832.300186157227, "ph": "X", "name": "UnityEngine.VideoModule_CodeGen.c", "args": { "durationMS": 4.832300186157227, "detail": "" } },
{ "pid": 1, "tid": 1, "ts": 11681672.8515625, "dur": 13487.799644470215, "ph": "X", "name": "Unity.TextMeshPro_CodeGen.c", "args": { "durationMS": 13.487799644470215, "detail": "" } },
{ "pid": 1, "tid": 1, "ts": 11695195.3125, "dur": 999.4000196456909, "ph": "X", "name": "UnityEngine_CodeGen.c", "args": { "durationMS": 0.9994000196456909, "detail": "" } },
{ "pid": 1, "tid": 1, "ts": 11696204.1015625, "dur": 6278.299808502197, "ph": "X", "name": "Assembly-CSharp_CodeGen.c", "args": { "durationMS": 6.278299808502197, "detail": "" } },
{ "pid": 1, "tid": 1, "ts": 11703443.359375, "dur": 1996.2999820709229, "ph": "X", "name": "Il2CppReversePInvokeWrapperTable.cpp", "args": { "durationMS": 1.9962999820709229, "detail": "" } },
{ "pid": 1, "tid": 1, "ts": 11705639.6484375, "dur": 85074.0966796875, "ph": "X", "name": "Il2CppGenericMethodPointerTable.cpp", "args": { "durationMS": 85.0740966796875, "detail": "" } },
{ "pid": 1, "tid": 1, "ts": 11791015.625, "dur": 166623.9013671875, "ph": "X", "name": "Il2CppInvokerTable.cpp", "args": { "durationMS": 166.6239013671875, "detail": "" } },
{ "pid": 1, "tid": 1, "ts": 11958487.3046875, "dur": 17511.29913330078, "ph": "X", "name": "Il2CppInteropDataTable.cpp", "args": { "durationMS": 17.51129913330078, "detail": "" } },
{ "pid": 1, "tid": 1, "ts": 11979859.375, "dur": 1496.500015258789, "ph": "X", "name": "Il2CppCodeRegistration.cpp", "args": { "durationMS": 1.496500015258789, "detail": "" } },
{ "pid": 1, "tid": 1, "ts": 11981361.328125, "dur": 899814.5141601562, "ph": "X", "name": "WriteMetadata", "args": { "durationMS": 899.8145141601562, "detail": "" } },
{ "pid": 1, "tid": 1, "ts": 11992179.6875, "dur": 161420.0897216797, "ph": "X", "name": "Il2CppMetadataUsage.c", "args": { "durationMS": 161.4200897216797, "detail": "" } },
{ "pid": 1, "tid": 1, "ts": 12073080.078125, "dur": 3348.7000465393066, "ph": "X", "name": "Metadata", "args": { "durationMS": 3.3487000465393066, "detail": "Collect string literals" } },
{ "pid": 1, "tid": 1, "ts": 12164014.6484375, "dur": 15561.299324035645, "ph": "X", "name": "Il2CppGenericClassTable.c", "args": { "durationMS": 15.561299324035645, "detail": "" } },
{ "pid": 1, "tid": 1, "ts": 12179593.75, "dur": 17126.300811767578, "ph": "X", "name": "Il2CppGenericInstDefinitions.c", "args": { "durationMS": 17.126300811767578, "detail": "" } },
{ "pid": 1, "tid": 1, "ts": 12196734.375, "dur": 244380.59997558594, "ph": "X", "name": "Il2CppGenericMethodTable.c", "args": { "durationMS": 244.38059997558594, "detail": "" } },
{ "pid": 1, "tid": 1, "ts": 12441132.8125, "dur": 50881.500244140625, "ph": "X", "name": "Il2CppTypeDefinitions.c", "args": { "durationMS": 50.881500244140625, "detail": "" } },
{ "pid": 1, "tid": 1, "ts": 12492035.15625, "dur": 41333.29772949219, "ph": "X", "name": "Il2CppGenericMethodDefinitions.c", "args": { "durationMS": 41.33329772949219, "detail": "" } },
{ "pid": 1, "tid": 1, "ts": 12533368.1640625, "dur": 237610.595703125, "ph": "X", "name": "CompilerCalculateTypeValues", "args": { "durationMS": 237.610595703125, "detail": "" } },
{ "pid": 1, "tid": 1, "ts": 12770994.140625, "dur": 2812.999963760376, "ph": "X", "name": "Il2CppMetadataRegistration.c", "args": { "durationMS": 2.812999963760376, "detail": "" } },
{ "pid": 1, "tid": 1, "ts": 12774010.7421875, "dur": 3803.4000396728516, "ph": "X", "name": "StringLiteralWriter", "args": { "durationMS": 3.8034000396728516, "detail": "" } },
{ "pid": 1, "tid": 1, "ts": 12778038.0859375, "dur": 843.8000082969666, "ph": "X", "name": "Metadata Strings", "args": { "durationMS": 0.8438000082969666, "detail": "" } },
{ "pid": 1, "tid": 1, "ts": 12778884.765625, "dur": 1607.9000234603882, "ph": "X", "name": "Events", "args": { "durationMS": 1.6079000234603882, "detail": "" } },
{ "pid": 1, "tid": 1, "ts": 12780492.1875, "dur": 3414.0000343322754, "ph": "X", "name": "Properties", "args": { "durationMS": 3.4140000343322754, "detail": "" } },
{ "pid": 1, "tid": 1, "ts": 12783906.25, "dur": 34653.499603271484, "ph": "X", "name": "Methods", "args": { "durationMS": 34.653499603271484, "detail": "" } },
{ "pid": 1, "tid": 1, "ts": 12818560.546875, "dur": 675.8000254631042, "ph": "X", "name": "Parameter Default Values", "args": { "durationMS": 0.6758000254631042, "detail": "" } },
{ "pid": 1, "tid": 1, "ts": 12819236.328125, "dur": 964.900016784668, "ph": "X", "name": "Field Default Values", "args": { "durationMS": 0.964900016784668, "detail": "" } },
{ "pid": 1, "tid": 1, "ts": 12820202.1484375, "dur": 336.899995803833, "ph": "X", "name": "Field and Parameter Default Values Data", "args": { "durationMS": 0.336899995803833, "detail": "" } },
{ "pid": 1, "tid": 1, "ts": 12820539.0625, "dur": 428.20000648498535, "ph": "X", "name": "Field Marshaled Sizes", "args": { "durationMS": 0.42820000648498535, "detail": "" } },
{ "pid": 1, "tid": 1, "ts": 12820967.7734375, "dur": 7525.700092315674, "ph": "X", "name": "Parameters", "args": { "durationMS": 7.525700092315674, "detail": "" } },
{ "pid": 1, "tid": 1, "ts": 12828494.140625, "dur": 4528.69987487793, "ph": "X", "name": "Fields", "args": { "durationMS": 4.52869987487793, "detail": "" } },
{ "pid": 1, "tid": 1, "ts": 12833023.4375, "dur": 942.0999884605408, "ph": "X", "name": "Generic Parameters", "args": { "durationMS": 0.9420999884605408, "detail": "" } },
{ "pid": 1, "tid": 1, "ts": 12833965.8203125, "dur": 372.29999899864197, "ph": "X", "name": "Generic Parameter Constraints", "args": { "durationMS": 0.37229999899864197, "detail": "" } },
{ "pid": 1, "tid": 1, "ts": 12834338.8671875, "dur": 885.200023651123, "ph": "X", "name": "Generic Containers", "args": { "durationMS": 0.885200023651123, "detail": "" } },
{ "pid": 1, "tid": 1, "ts": 12835880.859375, "dur": 1334.4999551773071, "ph": "X", "name": "VTables", "args": { "durationMS": 1.3344999551773071, "detail": "" } },
{ "pid": 1, "tid": 1, "ts": 12837215.8203125, "dur": 974.5000004768372, "ph": "X", "name": "Interface Offsets", "args": { "durationMS": 0.9745000004768372, "detail": "" } },
{ "pid": 1, "tid": 1, "ts": 12838190.4296875, "dur": 30258.800506591797, "ph": "X", "name": "Type Definitions", "args": { "durationMS": 30.258800506591797, "detail": "" } },
{ "pid": 1, "tid": 1, "ts": 12868450.1953125, "dur": 3048.30002784729, "ph": "X", "name": "Images", "args": { "durationMS": 3.04830002784729, "detail": "" } },
{ "pid": 1, "tid": 1, "ts": 12871498.046875, "dur": 1219.499945640564, "ph": "X", "name": "Assemblies", "args": { "durationMS": 1.219499945640564, "detail": "" } },
{ "pid": 1, "tid": 1, "ts": 12872718.75, "dur": 667.2999858856201, "ph": "X", "name": "Metadata Usage Lists", "args": { "durationMS": 0.6672999858856201, "detail": "" } },
{ "pid": 1, "tid": 1, "ts": 12873385.7421875, "dur": 1969.9000120162964, "ph": "X", "name": "Metadata Usage Pairs", "args": { "durationMS": 1.9699000120162964, "detail": "" } },
{ "pid": 1, "tid": 1, "ts": 12875868.1640625, "dur": 1141.8999433517456, "ph": "X", "name": "Attribute Types Ranges", "args": { "durationMS": 1.1418999433517456, "detail": "" } },
{ "pid": 1, "tid": 1, "ts": 12877011.71875, "dur": 467.00000762939453, "ph": "X", "name": "Attribute Types", "args": { "durationMS": 0.46700000762939453, "detail": "" } },
{ "pid": 1, "tid": 1, "ts": 12877689.453125, "dur": 671.1000204086304, "ph": "X", "name": "Unresolved Virtual Call Parameter Ranges", "args": { "durationMS": 0.6711000204086304, "detail": "" } },
{ "pid": 1, "tid": 1, "ts": 12878624.0234375, "dur": 801.9000291824341, "ph": "X", "name": "Exported Types", "args": { "durationMS": 0.8019000291824341, "detail": "" } },
{ "pid": 1, "tid": 1, "ts": 12881472.65625, "dur": 986.299991607666, "ph": "X", "name": "CompletionPhase", "args": { "durationMS": 0.986299991607666, "detail": "" } },
{ "pid": 1, "tid": 1, "ts": 12897365.234375, "dur": 2210934.08203125, "ph": "X", "name": "Build", "args": { "durationMS": 2210.93408203125, "detail": "" } },
{ "pid": 1, "tid": 1, "ts": 12922687.5, "dur": 2184963.37890625, "ph": "X", "name": "BuildBinary", "args": { "durationMS": 2184.96337890625, "detail": "" } },
{ "pid": 1, "tid": 1, "ts": 12922930.6640625, "dur": 677641.4184570312, "ph": "X", "name": "ToolChain OnBeforeCompile Build", "args": { "durationMS": 677.6414184570312, "detail": "" } },
{ "pid": 1, "tid": 1, "ts": 12933281.25, "dur": 24890.499114990234, "ph": "X", "name": "HashOfAllFilesWithProviderExtensionInDirectory", "args": { "durationMS": 24.890499114990234, "detail": "C:\\Program Files (x86)\\Microsoft Visual Studio\\2019\\Community\\VC\\Tools\\MSVC\\14.28.29333\\include" } },
{ "pid": 1, "tid": 1, "ts": 12958176.7578125, "dur": 34967.30041503906, "ph": "X", "name": "HashOfAllFilesWithProviderExtensionInDirectory", "args": { "durationMS": 34.96730041503906, "detail": "C:\\Program Files (x86)\\Windows Kits\\10\\Include\\10.0.19041.0\\shared" } },
{ "pid": 1, "tid": 1, "ts": 12993148.4375, "dur": 5003.799915313721, "ph": "X", "name": "HashOfAllFilesWithProviderExtensionInDirectory", "args": { "durationMS": 5.003799915313721, "detail": "C:\\Program Files (x86)\\Windows Kits\\10\\Include\\10.0.19041.0\\ucrt" } },
{ "pid": 1, "tid": 1, "ts": 12998159.1796875, "dur": 283539.5202636719, "ph": "X", "name": "HashOfAllFilesWithProviderExtensionInDirectory", "args": { "durationMS": 283.5395202636719, "detail": "C:\\Program Files (x86)\\Windows Kits\\10\\Include\\10.0.19041.0\\um" } },
{ "pid": 1, "tid": 1, "ts": 13281726.5625, "dur": 264397.0031738281, "ph": "X", "name": "HashOfAllFilesWithProviderExtensionInDirectory", "args": { "durationMS": 264.3970031738281, "detail": "C:\\Program Files (x86)\\Windows Kits\\10\\Include\\10.0.19041.0\\winrt" } },
{ "pid": 1, "tid": 1, "ts": 13546131.8359375, "dur": 6352.200031280518, "ph": "X", "name": "HashOfAllFilesWithProviderExtensionInDirectory", "args": { "durationMS": 6.352200031280518, "detail": "C:\\Program Files\\Unity\\Hub\\Editor\\2020.1.4f1\\Editor\\Data\\il2cpp\\external\\baselib\\Include" } },
{ "pid": 1, "tid": 1, "ts": 13552806.640625, "dur": 3181.4000606536865, "ph": "X", "name": "HashOfAllFilesWithProviderExtensionInDirectory", "args": { "durationMS": 3.1814000606536865, "detail": "C:\\Program Files\\Unity\\Hub\\Editor\\2020.1.4f1\\Editor\\Data\\il2cpp\\external\\bdwgc\\include" } },
{ "pid": 1, "tid": 1, "ts": 13555992.1875, "dur": 369.59999799728394, "ph": "X", "name": "HashOfAllFilesWithProviderExtensionInDirectory", "args": { "durationMS": 0.36959999799728394, "detail": "C:\\Program Files\\Unity\\Hub\\Editor\\2020.1.4f1\\Editor\\Data\\il2cpp\\external\\xxHash" } },
{ "pid": 1, "tid": 1, "ts": 13556363.28125, "dur": 27339.298248291016, "ph": "X", "name": "HashOfAllFilesWithProviderExtensionInDirectory", "args": { "durationMS": 27.339298248291016, "detail": "C:\\Program Files\\Unity\\Hub\\Editor\\2020.1.4f1\\Editor\\Data\\il2cpp\\libil2cpp" } },
{ "pid": 1, "tid": 1, "ts": 13583965.8203125, "dur": 896.7999815940857, "ph": "X", "name": "HashOfAllFilesWithProviderExtensionInDirectory", "args": { "durationMS": 0.8967999815940857, "detail": "F:\\Repository\\DESN-Final\\GAME2014-F2020-Lab10Starter-main\\Temp\\StagingArea\\Data\\il2cppOutput" } },
{ "pid": 1, "tid": 1, "ts": 13600692.3828125, "dur": 60978.90090942383, "ph": "X", "name": "FindFilesToCompile", "args": { "durationMS": 60.97890090942383, "detail": "" } },
{ "pid": 1, "tid": 1, "ts": 13661671.875, "dur": 702233.3984375, "ph": "X", "name": "Calculate header hashes", "args": { "durationMS": 702.2333984375, "detail": "" } },
{ "pid": 1, "tid": 1, "ts": 13662210.9375, "dur": 25635.299682617188, "ph": "X", "name": "HashOfAllFilesWithProviderExtensionInDirectory", "args": { "durationMS": 25.635299682617188, "detail": "C:\\Program Files\\Unity\\Hub\\Editor\\2020.1.4f1\\Editor\\Data\\il2cpp\\libil2cpp" } },
{ "pid": 1, "tid": 1, "ts": 13687926.7578125, "dur": 2883.699893951416, "ph": "X", "name": "HashOfAllFilesWithProviderExtensionInDirectory", "args": { "durationMS": 2.883699893951416, "detail": "C:\\Program Files\\Unity\\Hub\\Editor\\2020.1.4f1\\Editor\\Data\\il2cpp\\external\\bdwgc\\include" } },
{ "pid": 1, "tid": 1, "ts": 13691182.6171875, "dur": 5625.400066375732, "ph": "X", "name": "HashOfAllFilesWithProviderExtensionInDirectory", "args": { "durationMS": 5.625400066375732, "detail": "C:\\Program Files\\Unity\\Hub\\Editor\\2020.1.4f1\\Editor\\Data\\il2cpp\\external\\baselib\\Include" } },
{ "pid": 1, "tid": 1, "ts": 13697260.7421875, "dur": 619.7999715805054, "ph": "X", "name": "HashOfAllFilesWithProviderExtensionInDirectory", "args": { "durationMS": 0.6197999715805054, "detail": "F:\\Repository\\DESN-Final\\GAME2014-F2020-Lab10Starter-main\\Temp\\StagingArea\\Data\\il2cppOutput" } },
{ "pid": 1, "tid": 1, "ts": 13697921.875, "dur": 20291.29981994629, "ph": "X", "name": "HashOfAllFilesWithProviderExtensionInDirectory", "args": { "durationMS": 20.29129981994629, "detail": "C:\\Program Files (x86)\\Microsoft Visual Studio\\2019\\Community\\VC\\Tools\\MSVC\\14.28.29333\\include" } },
{ "pid": 1, "tid": 1, "ts": 13718269.53125, "dur": 37368.30139160156, "ph": "X", "name": "HashOfAllFilesWithProviderExtensionInDirectory", "args": { "durationMS": 37.36830139160156, "detail": "C:\\Program Files (x86)\\Windows Kits\\10\\Include\\10.0.19041.0\\shared" } },
{ "pid": 1, "tid": 1, "ts": 13755691.40625, "dur": 283553.0090332031, "ph": "X", "name": "HashOfAllFilesWithProviderExtensionInDirectory", "args": { "durationMS": 283.5530090332031, "detail": "C:\\Program Files (x86)\\Windows Kits\\10\\Include\\10.0.19041.0\\um" } },
{ "pid": 1, "tid": 1, "ts": 14039300.78125, "dur": 262979.6142578125, "ph": "X", "name": "HashOfAllFilesWithProviderExtensionInDirectory", "args": { "durationMS": 262.9796142578125, "detail": "C:\\Program Files (x86)\\Windows Kits\\10\\Include\\10.0.19041.0\\winrt" } },
{ "pid": 1, "tid": 1, "ts": 14302333.984375, "dur": 5036.300182342529, "ph": "X", "name": "HashOfAllFilesWithProviderExtensionInDirectory", "args": { "durationMS": 5.036300182342529, "detail": "C:\\Program Files (x86)\\Windows Kits\\10\\Include\\10.0.19041.0\\ucrt" } },
{ "pid": 1, "tid": 1, "ts": 14353250.9765625, "dur": 4737.8997802734375, "ph": "X", "name": "HashOfAllFilesWithProviderExtensionInDirectory", "args": { "durationMS": 4.7378997802734375, "detail": "C:\\Program Files\\Unity\\Hub\\Editor\\2020.1.4f1\\Editor\\Data\\il2cpp\\external\\bdwgc\\libatomic_ops\\src" } },
{ "pid": 1, "tid": 1, "ts": 14363903.3203125, "dur": 36827.80075073242, "ph": "X", "name": "Calculate lumped hashes", "args": { "durationMS": 36.82780075073242, "detail": "" } },
{ "pid": 1, "tid": 1, "ts": 14365188.4765625, "dur": 432.20001459121704, "ph": "X", "name": "HashOfAllFilesWithProviderExtensionInDirectory", "args": { "durationMS": 0.43220001459121704, "detail": "C:\\Program Files\\Unity\\Hub\\Editor\\2020.1.4f1\\Editor\\Data\\il2cpp\\libil2cpp\\gc" } },
{ "pid": 1, "tid": 1, "ts": 14365650.390625, "dur": 10312.600135803223, "ph": "X", "name": "HashOfAllFilesWithProviderExtensionInDirectory", "args": { "durationMS": 10.312600135803223, "detail": "C:\\Program Files\\Unity\\Hub\\Editor\\2020.1.4f1\\Editor\\Data\\il2cpp\\libil2cpp\\icalls" } },
{ "pid": 1, "tid": 1, "ts": 14375995.1171875, "dur": 924.4999885559082, "ph": "X", "name": "HashOfAllFilesWithProviderExtensionInDirectory", "args": { "durationMS": 0.9244999885559082, "detail": "C:\\Program Files\\Unity\\Hub\\Editor\\2020.1.4f1\\Editor\\Data\\il2cpp\\libil2cpp\\metadata" } },
{ "pid": 1, "tid": 1, "ts": 14376948.2421875, "dur": 591.1999940872192, "ph": "X", "name": "HashOfAllFilesWithProviderExtensionInDirectory", "args": { "durationMS": 0.5911999940872192, "detail": "C:\\Program Files\\Unity\\Hub\\Editor\\2020.1.4f1\\Editor\\Data\\il2cpp\\libil2cpp\\mono" } },
{ "pid": 1, "tid": 1, "ts": 14377882.8125, "dur": 10605.600357055664, "ph": "X", "name": "HashOfAllFilesWithProviderExtensionInDirectory", "args": { "durationMS": 10.605600357055664, "detail": "C:\\Program Files\\Unity\\Hub\\Editor\\2020.1.4f1\\Editor\\Data\\il2cpp\\libil2cpp\\os" } },
{ "pid": 1, "tid": 1, "ts": 14388525.390625, "dur": 959.9999785423279, "ph": "X", "name": "HashOfAllFilesWithProviderExtensionInDirectory", "args": { "durationMS": 0.9599999785423279, "detail": "C:\\Program Files\\Unity\\Hub\\Editor\\2020.1.4f1\\Editor\\Data\\il2cpp\\libil2cpp\\utils" } },
{ "pid": 1, "tid": 1, "ts": 14389514.6484375, "dur": 3569.0999031066895, "ph": "X", "name": "HashOfAllFilesWithProviderExtensionInDirectory", "args": { "durationMS": 3.5690999031066895, "detail": "C:\\Program Files\\Unity\\Hub\\Editor\\2020.1.4f1\\Editor\\Data\\il2cpp\\libil2cpp\\vm" } },
{ "pid": 1, "tid": 1, "ts": 14393114.2578125, "dur": 378.69998812675476, "ph": "X", "name": "HashOfAllFilesWithProviderExtensionInDirectory", "args": { "durationMS": 0.37869998812675476, "detail": "C:\\Program Files\\Unity\\Hub\\Editor\\2020.1.4f1\\Editor\\Data\\il2cpp\\libil2cpp\\vm-utils" } },
{ "pid": 1, "tid": 1, "ts": 14393524.4140625, "dur": 7200.699806213379, "ph": "X", "name": "HashOfAllFilesWithProviderExtensionInDirectory", "args": { "durationMS": 7.200699806213379, "detail": "C:\\Program Files\\Unity\\Hub\\Editor\\2020.1.4f1\\Editor\\Data\\il2cpp\\external\\bdwgc" } },
{ "pid": 1, "tid": 1, "ts": 14400733.3984375, "dur": 150657.3028564453, "ph": "X", "name": "BuildAllCppFiles", "args": { "durationMS": 150.6573028564453, "detail": "" } },
{ "pid": 1, "tid": 1, "ts": 14403618.1640625, "dur": 147770.0958251953, "ph": "X", "name": "Compile", "args": { "durationMS": 147.7700958251953, "detail": "" } },
{ "pid": 1, "tid": 1, "ts": 14551839.84375, "dur": 1084.6999883651733, "ph": "X", "name": "OnBeforeLink Build", "args": { "durationMS": 1.0846999883651733, "detail": "" } },
{ "pid": 1, "tid": 1, "ts": 14552110.3515625, "dur": 813.7999773025513, "ph": "X", "name": "ProgramBuildDescription OnBeforeLink Build", "args": { "durationMS": 0.8137999773025513, "detail": "" } },
{ "pid": 1, "tid": 1, "ts": 14552923.828125, "dur": 227025.5126953125, "ph": "X", "name": "Postprocess Object Files", "args": { "durationMS": 227.0255126953125, "detail": "" } },
{ "pid": 1, "tid": 1, "ts": 14554581.0546875, "dur": 225368.6981201172, "ph": "X", "name": "Link", "args": { "durationMS": 225.3686981201172, "detail": "GameAssembly.dll" } },
{ "pid": 1, "tid": 1, "ts": 14779951.171875, "dur": 300363.22021484375, "ph": "X", "name": "ProgramDescription Finalize Build", "args": { "durationMS": 300.36322021484375, "detail": "" } },
{ "pid": 1, "tid": 1, "ts": 15080313.4765625, "dur": 27336.000442504883, "ph": "X", "name": "Clean IL2CPP Cache", "args": { "durationMS": 27.336000442504883, "detail": "" } },
{ "pid": 1, "tid": 23, "ph": "M", "name": "thread_name", "args": { "name": "" } },
{ "pid": 1, "tid": 23, "ts": 14409482.421875, "dur": 12074.899673461914, "ph": "X", "name": "HashCompilerInvocation", "args": { "durationMS": 12.074899673461914, "detail": "Il2CppCompilerCalculateTypeValues1.cpp" } },
{ "pid": 1, "tid": 23, "ts": 14421589.84375, "dur": 7501.500129699707, "ph": "X", "name": "HashCompilerInvocation", "args": { "durationMS": 7.501500129699707, "detail": "Generics7.cpp" } },
{ "pid": 1, "tid": 23, "ts": 14429117.1875, "dur": 6912.799835205078, "ph": "X", "name": "HashCompilerInvocation", "args": { "durationMS": 6.912799835205078, "detail": "Il2CppGenericMethodTable.c" } },
{ "pid": 1, "tid": 23, "ts": 14436058.59375, "dur": 6550.600051879883, "ph": "X", "name": "HashCompilerInvocation", "args": { "durationMS": 6.550600051879883, "detail": "UnityEngine.CoreModule1.cpp" } },
{ "pid": 1, "tid": 23, "ts": 14442635.7421875, "dur": 31804.99839782715, "ph": "X", "name": "HashCompilerInvocation", "args": { "durationMS": 31.80499839782715, "detail": "GenericMethods2.cpp" } },
{ "pid": 1, "tid": 23, "ts": 14474469.7265625, "dur": 20058.5994720459, "ph": "X", "name": "HashCompilerInvocation", "args": { "durationMS": 20.0585994720459, "detail": "Generics15.cpp" } },
{ "pid": 1, "tid": 23, "ts": 14494550.78125, "dur": 2654.400110244751, "ph": "X", "name": "HashCompilerInvocation", "args": { "durationMS": 2.654400110244751, "detail": "UnityEngine.CoreModule_CodeGen.c" } },
{ "pid": 1, "tid": 23, "ts": 14497230.46875, "dur": 2451.2999057769775, "ph": "X", "name": "HashCompilerInvocation", "args": { "durationMS": 2.4512999057769775, "detail": "UnityEngine.AnimationModule.cpp" } },
{ "pid": 1, "tid": 23, "ts": 14499707.03125, "dur": 1708.299994468689, "ph": "X", "name": "HashCompilerInvocation", "args": { "durationMS": 1.708299994468689, "detail": "UnityEngine.TextRenderingModule.cpp" } },
{ "pid": 1, "tid": 23, "ts": 14501449.21875, "dur": 23486.400604248047, "ph": "X", "name": "HashCompilerInvocation", "args": { "durationMS": 23.486400604248047, "detail": "UnityEngine.UIElementsNativeModule.cpp" } },
{ "pid": 1, "tid": 23, "ts": 14524961.9140625, "dur": 2748.800039291382, "ph": "X", "name": "HashCompilerInvocation", "args": { "durationMS": 2.748800039291382, "detail": "UnityEngine.AndroidJNIModule_CodeGen.c" } },
{ "pid": 1, "tid": 23, "ts": 14527747.0703125, "dur": 2185.8999729156494, "ph": "X", "name": "HashCompilerInvocation", "args": { "durationMS": 2.1858999729156494, "detail": "UnityEngine.PhysicsModule_CodeGen.c" } },
{ "pid": 1, "tid": 23, "ts": 14529950.1953125, "dur": 1219.499945640564, "ph": "X", "name": "HashCompilerInvocation", "args": { "durationMS": 1.219499945640564, "detail": "gzread.c" } },
{ "pid": 1, "tid": 23, "ts": 14531194.3359375, "dur": 966.4000272750854, "ph": "X", "name": "HashCompilerInvocation", "args": { "durationMS": 0.9664000272750854, "detail": "UnityEngine.SharedInternalsModule_CodeGen.c" } },
{ "pid": 1, "tid": 23, "ts": 14532183.59375, "dur": 1037.1999740600586, "ph": "X", "name": "HashCompilerInvocation", "args": { "durationMS": 1.0371999740600586, "detail": "inftrees.c" } },
{ "pid": 1, "tid": 23, "ts": 14533253.90625, "dur": 1400.9000062942505, "ph": "X", "name": "HashCompilerInvocation", "args": { "durationMS": 1.4009000062942505, "detail": "UnityEngine.VideoModule_CodeGen.c" } },
{ "pid": 1, "tid": 23, "ts": 14534680.6640625, "dur": 3204.9999237060547, "ph": "X", "name": "HashCompilerInvocation", "args": { "durationMS": 3.2049999237060547, "detail": "System.Xml.cpp" } },
{ "pid": 1, "tid": 23, "ts": 14537910.15625, "dur": 823.4000205993652, "ph": "X", "name": "HashCompilerInvocation", "args": { "durationMS": 0.8234000205993652, "detail": "Mono.Security_CodeGen.c" } },
{ "pid": 1, "tid": 23, "ts": 14538756.8359375, "dur": 853.3999919891357, "ph": "X", "name": "HashCompilerInvocation", "args": { "durationMS": 0.8533999919891357, "detail": "compress.c" } },
{ "pid": 1, "tid": 23, "ts": 14539628.90625, "dur": 870.0000047683716, "ph": "X", "name": "HashCompilerInvocation", "args": { "durationMS": 0.8700000047683716, "detail": "UnityAdsStubs.cpp" } },
{ "pid": 1, "tid": 23, "ts": 14540518.5546875, "dur": 1064.8000240325928, "ph": "X", "name": "HashCompilerInvocation", "args": { "durationMS": 1.0648000240325928, "detail": "UnityEngine.cpp" } },
{ "pid": 1, "tid": 23, "ts": 14541609.375, "dur": 1312.7000331878662, "ph": "X", "name": "HashCompilerInvocation", "args": { "durationMS": 1.3127000331878662, "detail": "System.Xml_CodeGen.c" } },
{ "pid": 1, "tid": 23, "ts": 14542944.3359375, "dur": 2217.9999351501465, "ph": "X", "name": "HashCompilerInvocation", "args": { "durationMS": 2.2179999351501465, "detail": "Lump_libil2cpp_debugger.cpp" } },
{ "pid": 1, "tid": 21, "ph": "M", "name": "thread_name", "args": { "name": "" } },
{ "pid": 1, "tid": 21, "ts": 14409483.3984375, "dur": 13474.300384521484, "ph": "X", "name": "HashCompilerInvocation", "args": { "durationMS": 13.474300384521484, "detail": "Il2CppInvokerTable.cpp" } },
{ "pid": 1, "tid": 21, "ts": 14422984.375, "dur": 7595.900058746338, "ph": "X", "name": "HashCompilerInvocation", "args": { "durationMS": 7.595900058746338, "detail": "Generics11.cpp" } },
{ "pid": 1, "tid": 21, "ts": 14430604.4921875, "dur": 6915.200233459473, "ph": "X", "name": "HashCompilerInvocation", "args": { "durationMS": 6.915200233459473, "detail": "mscorlib6.cpp" } },
{ "pid": 1, "tid": 21, "ts": 14437547.8515625, "dur": 6588.399887084961, "ph": "X", "name": "HashCompilerInvocation", "args": { "durationMS": 6.588399887084961, "detail": "mscorlib15.cpp" } },
{ "pid": 1, "tid": 21, "ts": 14444164.0625, "dur": 32440.70053100586, "ph": "X", "name": "HashCompilerInvocation", "args": { "durationMS": 32.44070053100586, "detail": "System1.cpp" } },
{ "pid": 1, "tid": 21, "ts": 14476628.90625, "dur": 21573.60076904297, "ph": "X", "name": "HashCompilerInvocation", "args": { "durationMS": 21.57360076904297, "detail": "Generics13.cpp" } },
{ "pid": 1, "tid": 21, "ts": 14498232.421875, "dur": 2153.3000469207764, "ph": "X", "name": "HashCompilerInvocation", "args": { "durationMS": 2.1533000469207764, "detail": "UnityEngine.XRModule.cpp" } },
{ "pid": 1, "tid": 21, "ts": 14500410.15625, "dur": 23711.101531982422, "ph": "X", "name": "HashCompilerInvocation", "args": { "durationMS": 23.711101531982422, "detail": "Mono.Security.cpp" } },
{ "pid": 1, "tid": 21, "ts": 14524149.4140625, "dur": 2334.5000743865967, "ph": "X", "name": "HashCompilerInvocation", "args": { "durationMS": 2.3345000743865967, "detail": "UnityEngine.UnityWebRequestModule.cpp" } },
{ "pid": 1, "tid": 21, "ts": 14526507.8125, "dur": 2382.200002670288, "ph": "X", "name": "HashCompilerInvocation", "args": { "durationMS": 2.382200002670288, "detail": "xamarin_getifaddrs.c" } },
{ "pid": 1, "tid": 21, "ts": 14528917.96875, "dur": 1158.8000059127808, "ph": "X", "name": "HashCompilerInvocation", "args": { "durationMS": 1.1588000059127808, "detail": "infback.c" } },
{ "pid": 1, "tid": 21, "ts": 14530097.65625, "dur": 1250.3999471664429, "ph": "X", "name": "HashCompilerInvocation", "args": { "durationMS": 1.2503999471664429, "detail": "gzwrite.c" } },
{ "pid": 1, "tid": 21, "ts": 14531366.2109375, "dur": 1153.5999774932861, "ph": "X", "name": "HashCompilerInvocation", "args": { "durationMS": 1.1535999774932861, "detail": "UnityEngine.XRModule_CodeGen.c" } },
{ "pid": 1, "tid": 21, "ts": 14532541.9921875, "dur": 1086.300015449524, "ph": "X", "name": "HashCompilerInvocation", "args": { "durationMS": 1.086300015449524, "detail": "inffast.c" } },
{ "pid": 1, "tid": 21, "ts": 14533650.390625, "dur": 886.3000273704529, "ph": "X", "name": "HashCompilerInvocation", "args": { "durationMS": 0.8863000273704529, "detail": "zutil.c" } },
{ "pid": 1, "tid": 21, "ts": 14534554.6875, "dur": 1445.7000494003296, "ph": "X", "name": "HashCompilerInvocation", "args": { "durationMS": 1.4457000494003296, "detail": "UnityEngine.ParticleSystemModule_CodeGen.c" } },
{ "pid": 1, "tid": 21, "ts": 14536043.9453125, "dur": 2300.800085067749, "ph": "X", "name": "HashCompilerInvocation", "args": { "durationMS": 2.300800085067749, "detail": "Lump_libil2cpp_vm.cpp" } },
{ "pid": 1, "tid": 21, "ts": 14538362.3046875, "dur": 937.7999901771545, "ph": "X", "name": "HashCompilerInvocation", "args": { "durationMS": 0.9377999901771545, "detail": "UnityEngine.InputModule_CodeGen.c" } },
{ "pid": 1, "tid": 21, "ts": 14539320.3125, "dur": 1057.2999715805054, "ph": "X", "name": "HashCompilerInvocation", "args": { "durationMS": 1.0572999715805054, "detail": "UnityEngine.AIModule_CodeGen.c" } },
{ "pid": 1, "tid": 21, "ts": 14540400.390625, "dur": 1281.1000347137451, "ph": "X", "name": "HashCompilerInvocation", "args": { "durationMS": 1.2811000347137451, "detail": "Il2CppMetadataRegistration.c" } },
{ "pid": 1, "tid": 21, "ts": 14541706.0546875, "dur": 1658.5999727249146, "ph": "X", "name": "HashCompilerInvocation", "args": { "durationMS": 1.6585999727249146, "detail": "gzclose.c" } },
{ "pid": 1, "tid": 19, "ph": "M", "name": "thread_name", "args": { "name": "" } },
{ "pid": 1, "tid": 19, "ts": 14409494.140625, "dur": 18555.999755859375, "ph": "X", "name": "HashCompilerInvocation", "args": { "durationMS": 18.555999755859375, "detail": "Il2CppMetadataUsage.c" } },
{ "pid": 1, "tid": 19, "ts": 14428076.171875, "dur": 7781.400203704834, "ph": "X", "name": "HashCompilerInvocation", "args": { "durationMS": 7.781400203704834, "detail": "mscorlib9.cpp" } },
{ "pid": 1, "tid": 19, "ts": 14435886.71875, "dur": 6386.199951171875, "ph": "X", "name": "HashCompilerInvocation", "args": { "durationMS": 6.386199951171875, "detail": "System.cpp" } },
{ "pid": 1, "tid": 19, "ts": 14442297.8515625, "dur": 33511.600494384766, "ph": "X", "name": "HashCompilerInvocation", "args": { "durationMS": 33.511600494384766, "detail": "Generics12.cpp" } },
{ "pid": 1, "tid": 19, "ts": 14475873.046875, "dur": 22686.30027770996, "ph": "X", "name": "HashCompilerInvocation", "args": { "durationMS": 22.68630027770996, "detail": "Generics1.cpp" } },
{ "pid": 1, "tid": 19, "ts": 14498582.03125, "dur": 2099.4999408721924, "ph": "X", "name": "HashCompilerInvocation", "args": { "durationMS": 2.0994999408721924, "detail": "UnityEngine.UIModule.cpp" } },
{ "pid": 1, "tid": 19, "ts": 14500705.078125, "dur": 23514.49966430664, "ph": "X", "name": "HashCompilerInvocation", "args": { "durationMS": 23.51449966430664, "detail": "UnityEngine.AudioModule.cpp" } },
{ "pid": 1, "tid": 19, "ts": 14524246.09375, "dur": 2052.299976348877, "ph": "X", "name": "HashCompilerInvocation", "args": { "durationMS": 2.052299976348877, "detail": "inflate.c" } },
{ "pid": 1, "tid": 19, "ts": 14526328.125, "dur": 2588.900089263916, "ph": "X", "name": "HashCompilerInvocation", "args": { "durationMS": 2.588900089263916, "detail": "Assembly-CSharp_CodeGen.c" } },
{ "pid": 1, "tid": 19, "ts": 14528941.40625, "dur": 1214.8000001907349, "ph": "X", "name": "HashCompilerInvocation", "args": { "durationMS": 1.2148000001907349, "detail": "System.Core.cpp" } },
{ "pid": 1, "tid": 19, "ts": 14530174.8046875, "dur": 1190.2999877929688, "ph": "X", "name": "HashCompilerInvocation", "args": { "durationMS": 1.1902999877929688, "detail": "System.Core_CodeGen.c" } },
{ "pid": 1, "tid": 19, "ts": 14531383.7890625, "dur": 1191.4000511169434, "ph": "X", "name": "HashCompilerInvocation", "args": { "durationMS": 1.1914000511169434, "detail": "UnityEngine.TerrainModule_CodeGen.c" } },
{ "pid": 1, "tid": 19, "ts": 14532598.6328125, "dur": 1389.9999856948853, "ph": "X", "name": "HashCompilerInvocation", "args": { "durationMS": 1.3899999856948853, "detail": "UnityEngine.AudioModule_CodeGen.c" } },
{ "pid": 1, "tid": 19, "ts": 14534016.6015625, "dur": 1172.0000505447388, "ph": "X", "name": "HashCompilerInvocation", "args": { "durationMS": 1.1720000505447388, "detail": "Il2CppCodeRegistration.cpp" } },
{ "pid": 1, "tid": 19, "ts": 14536034.1796875, "dur": 2200.0999450683594, "ph": "X", "name": "HashCompilerInvocation", "args": { "durationMS": 2.2000999450683594, "detail": "adler32.c" } },
{ "pid": 1, "tid": 19, "ts": 14538255.859375, "dur": 984.8999977111816, "ph": "X", "name": "HashCompilerInvocation", "args": { "durationMS": 0.9848999977111816, "detail": "UnityEngine.VFXModule_CodeGen.c" } },
{ "pid": 1, "tid": 19, "ts": 14539262.6953125, "dur": 964.2000198364258, "ph": "X", "name": "HashCompilerInvocation", "args": { "durationMS": 0.9642000198364258, "detail": "Lump_libil2cpp_metadata.cpp" } },
{ "pid": 1, "tid": 19, "ts": 14540249.0234375, "dur": 1533.8000059127808, "ph": "X", "name": "HashCompilerInvocation", "args": { "durationMS": 1.5338000059127808, "detail": "krait_signal_handler.c" } },
{ "pid": 1, "tid": 19, "ts": 14541807.6171875, "dur": 1526.2000560760498, "ph": "X", "name": "HashCompilerInvocation", "args": { "durationMS": 1.5262000560760498, "detail": "Lump_libil2cpp_vm-utils.cpp" } },
{ "pid": 1, "tid": 18, "ph": "M", "name": "thread_name", "args": { "name": "" } },
{ "pid": 1, "tid": 18, "ts": 14409495.1171875, "dur": 19672.199249267578, "ph": "X", "name": "HashCompilerInvocation", "args": { "durationMS": 19.672199249267578, "detail": "Il2CppAttributes.cpp" } },
{ "pid": 1, "tid": 18, "ts": 14429193.359375, "dur": 7080.2001953125, "ph": "X", "name": "HashCompilerInvocation", "args": { "durationMS": 7.0802001953125, "detail": "GenericMethods3.cpp" } },
{ "pid": 1, "tid": 18, "ts": 14436299.8046875, "dur": 6555.699825286865, "ph": "X", "name": "HashCompilerInvocation", "args": { "durationMS": 6.555699825286865, "detail": "UnityEngine.CoreModule.cpp" } },
{ "pid": 1, "tid": 18, "ts": 14442882.8125, "dur": 33605.59844970703, "ph": "X", "name": "HashCompilerInvocation", "args": { "durationMS": 33.60559844970703, "detail": "Generics16.cpp" } },
{ "pid": 1, "tid": 18, "ts": 14476517.578125, "dur": 17656.999588012695, "ph": "X", "name": "HashCompilerInvocation", "args": { "durationMS": 17.656999588012695, "detail": "Generics14.cpp" } },
{ "pid": 1, "tid": 18, "ts": 14494200.1953125, "dur": 3541.5000915527344, "ph": "X", "name": "HashCompilerInvocation", "args": { "durationMS": 3.5415000915527344, "detail": "GenericMethods6.cpp" } },
{ "pid": 1, "tid": 18, "ts": 14497767.578125, "dur": 2831.899881362915, "ph": "X", "name": "HashCompilerInvocation", "args": { "durationMS": 2.831899881362915, "detail": "Unity.TextMeshPro_CodeGen.c" } },
{ "pid": 1, "tid": 18, "ts": 14500623.046875, "dur": 23607.2998046875, "ph": "X", "name": "HashCompilerInvocation", "args": { "durationMS": 23.6072998046875, "detail": "UnityEngine.SubsystemsModule.cpp" } },
{ "pid": 1, "tid": 18, "ts": 14524265.625, "dur": 3523.4999656677246, "ph": "X", "name": "HashCompilerInvocation", "args": { "durationMS": 3.5234999656677246, "detail": "UnityEngine.AnimationModule_CodeGen.c" } },
{ "pid": 1, "tid": 18, "ts": 14527819.3359375, "dur": 2284.1999530792236, "ph": "X", "name": "HashCompilerInvocation", "args": { "durationMS": 2.2841999530792236, "detail": "UnityEngine.UIModule_CodeGen.c" } },
{ "pid": 1, "tid": 18, "ts": 14530121.09375, "dur": 1216.7999744415283, "ph": "X", "name": "HashCompilerInvocation", "args": { "durationMS": 1.2167999744415283, "detail": "UnityEngine.VRModule.cpp" } },
{ "pid": 1, "tid": 18, "ts": 14531359.375, "dur": 1182.5000047683716, "ph": "X", "name": "HashCompilerInvocation", "args": { "durationMS": 1.1825000047683716, "detail": "gzlib.c" } },
{ "pid": 1, "tid": 18, "ts": 14532567.3828125, "dur": 1214.8000001907349, "ph": "X", "name": "HashCompilerInvocation", "args": { "durationMS": 1.2148000001907349, "detail": "UnityEngine.InputLegacyModule_CodeGen.c" } },
{ "pid": 1, "tid": 18, "ts": 14533808.59375, "dur": 1269.700050354004, "ph": "X", "name": "HashCompilerInvocation", "args": { "durationMS": 1.269700050354004, "detail": "UnityEngine.UIElementsNativeModule_CodeGen.c" } },
{ "pid": 1, "tid": 18, "ts": 14535104.4921875, "dur": 3264.3001079559326, "ph": "X", "name": "HashCompilerInvocation", "args": { "durationMS": 3.2643001079559326, "detail": "System.Configuration_CodeGen.c" } },
{ "pid": 1, "tid": 18, "ts": 14538389.6484375, "dur": 3380.1000118255615, "ph": "X", "name": "HashCompilerInvocation", "args": { "durationMS": 3.3801000118255615, "detail": "gc.c" } },
{ "pid": 1, "tid": 18, "ts": 14541791.015625, "dur": 1477.3999452590942, "ph": "X", "name": "HashCompilerInvocation", "args": { "durationMS": 1.4773999452590942, "detail": "Lump_libil2cpp_gc.cpp" } },
{ "pid": 1, "tid": 20, "ph": "M", "name": "thread_name", "args": { "name": "" } },
{ "pid": 1, "tid": 20, "ts": 14409495.1171875, "dur": 15504.700660705566, "ph": "X", "name": "HashCompilerInvocation", "args": { "durationMS": 15.504700660705566, "detail": "Il2CppCompilerCalculateTypeValues.cpp" } },
{ "pid": 1, "tid": 20, "ts": 14425030.2734375, "dur": 8594.799995422363, "ph": "X", "name": "HashCompilerInvocation", "args": { "durationMS": 8.594799995422363, "detail": "mscorlib.cpp" } },
{ "pid": 1, "tid": 20, "ts": 14433653.3203125, "dur": 6697.700023651123, "ph": "X", "name": "HashCompilerInvocation", "args": { "durationMS": 6.697700023651123, "detail": "mscorlib8.cpp" } },
{ "pid": 1, "tid": 20, "ts": 14440377.9296875, "dur": 6390.2997970581055, "ph": "X", "name": "HashCompilerInvocation", "args": { "durationMS": 6.3902997970581055, "detail": "Unity.Timeline.cpp" } },
{ "pid": 1, "tid": 20, "ts": 14446803.7109375, "dur": 36073.699951171875, "ph": "X", "name": "HashCompilerInvocation", "args": { "durationMS": 36.073699951171875, "detail": "Generics4.cpp" } },
{ "pid": 1, "tid": 20, "ts": 14482928.7109375, "dur": 6622.300148010254, "ph": "X", "name": "HashCompilerInvocation", "args": { "durationMS": 6.622300148010254, "detail": "Generics19.cpp" } },
{ "pid": 1, "tid": 20, "ts": 14489577.1484375, "dur": 2856.1999797821045, "ph": "X", "name": "HashCompilerInvocation", "args": { "durationMS": 2.8561999797821045, "detail": "Il2CppGenericInstDefinitions.c" } },
{ "pid": 1, "tid": 20, "ts": 14492458.984375, "dur": 2840.3000831604004, "ph": "X", "name": "HashCompilerInvocation", "args": { "durationMS": 2.8403000831604004, "detail": "UnityEngine.IMGUIModule.cpp" } },
{ "pid": 1, "tid": 20, "ts": 14495328.125, "dur": 2353.8999557495117, "ph": "X", "name": "HashCompilerInvocation", "args": { "durationMS": 2.3538999557495117, "detail": "UnresolvedVirtualCallStubs.cpp" } },
{ "pid": 1, "tid": 20, "ts": 14497707.03125, "dur": 2536.4999771118164, "ph": "X", "name": "HashCompilerInvocation", "args": { "durationMS": 2.5364999771118164, "detail": "char-conversions.cpp" } },
{ "pid": 1, "tid": 20, "ts": 14500270.5078125, "dur": 23905.30014038086, "ph": "X", "name": "HashCompilerInvocation", "args": { "durationMS": 23.90530014038086, "detail": "UnityEngine.SharedInternalsModule.cpp" } },
{ "pid": 1, "tid": 20, "ts": 14524203.125, "dur": 2681.49995803833, "ph": "X", "name": "HashCompilerInvocation", "args": { "durationMS": 2.68149995803833, "detail": "UnityEngine.IMGUIModule_CodeGen.c" } },
{ "pid": 1, "tid": 20, "ts": 14526916.015625, "dur": 15906.399726867676, "ph": "X", "name": "HashCompilerInvocation", "args": { "durationMS": 15.906399726867676, "detail": "UnityEngine.TextCoreModule_CodeGen.c" } },
{ "pid": 1, "tid": 20, "ts": 14542854.4921875, "dur": 2305.9000968933105, "ph": "X", "name": "HashCompilerInvocation", "args": { "durationMS": 2.3059000968933105, "detail": "Lump_libil2cpp_codegen.cpp" } },
{ "pid": 1, "tid": 25, "ph": "M", "name": "thread_name", "args": { "name": "" } },
{ "pid": 1, "tid": 25, "ts": 14409497.0703125, "dur": 10361.100196838379, "ph": "X", "name": "HashCompilerInvocation", "args": { "durationMS": 10.361100196838379, "detail": "Unity.TextMeshPro2.cpp" } },
{ "pid": 1, "tid": 25, "ts": 14419882.8125, "dur": 7615.099906921387, "ph": "X", "name": "HashCompilerInvocation", "args": { "durationMS": 7.615099906921387, "detail": "mscorlib2.cpp" } },
{ "pid": 1, "tid": 25, "ts": 14427519.53125, "dur": 7278.39994430542, "ph": "X", "name": "HashCompilerInvocation", "args": { "durationMS": 7.27839994430542, "detail": "mscorlib13.cpp" } },
{ "pid": 1, "tid": 25, "ts": 14434830.078125, "dur": 6775.199890136719, "ph": "X", "name": "HashCompilerInvocation", "args": { "durationMS": 6.775199890136719, "detail": "Unity.TextMeshPro4.cpp" } },
{ "pid": 1, "tid": 25, "ts": 14441632.8125, "dur": 6276.100158691406, "ph": "X", "name": "HashCompilerInvocation", "args": { "durationMS": 6.276100158691406, "detail": "Generics2.cpp" } },
{ "pid": 1, "tid": 25, "ts": 14447937.5, "dur": 35995.80001831055, "ph": "X", "name": "HashCompilerInvocation", "args": { "durationMS": 35.99580001831055, "detail": "Generics9.cpp" } },
{ "pid": 1, "tid": 25, "ts": 14483958.984375, "dur": 14128.899574279785, "ph": "X", "name": "HashCompilerInvocation", "args": { "durationMS": 14.128899574279785, "detail": "Unity.TextMeshPro5.cpp" } },
{ "pid": 1, "tid": 25, "ts": 14498109.375, "dur": 1866.4000034332275, "ph": "X", "name": "HashCompilerInvocation", "args": { "durationMS": 1.8664000034332275, "detail": "UnityEngine.TerrainModule.cpp" } },
{ "pid": 1, "tid": 25, "ts": 14500008.7890625, "dur": 23395.10154724121, "ph": "X", "name": "HashCompilerInvocation", "args": { "durationMS": 23.39510154724121, "detail": "Il2CppInteropDataTable.cpp" } },
{ "pid": 1, "tid": 25, "ts": 14523498.046875, "dur": 1564.9000406265259, "ph": "X", "name": "HashCompilerInvocation", "args": { "durationMS": 1.5649000406265259, "detail": "UnityEngine.VideoModule.cpp" } },
{ "pid": 1, "tid": 25, "ts": 14525097.65625, "dur": 2011.699914932251, "ph": "X", "name": "HashCompilerInvocation", "args": { "durationMS": 2.011699914932251, "detail": "UnityEngine.InputModule.cpp" } },
{ "pid": 1, "tid": 25, "ts": 14527140.625, "dur": 15595.900535583496, "ph": "X", "name": "HashCompilerInvocation", "args": { "durationMS": 15.595900535583496, "detail": "UnityEngine.AssetBundleModule.cpp" } },
{ "pid": 1, "tid": 25, "ts": 14542764.6484375, "dur": 2342.7999019622803, "ph": "X", "name": "HashCompilerInvocation", "args": { "durationMS": 2.3427999019622803, "detail": "Lump_libil2cpp_mono-runtime.cpp" } },
{ "pid": 1, "tid": 22, "ph": "M", "name": "thread_name", "args": { "name": "" } },
{ "pid": 1, "tid": 22, "ts": 14409503.90625, "dur": 12715.999603271484, "ph": "X", "name": "HashCompilerInvocation", "args": { "durationMS": 12.715999603271484, "detail": "Il2CppTypeDefinitions.c" } },
{ "pid": 1, "tid": 22, "ts": 14422247.0703125, "dur": 7682.899951934814, "ph": "X", "name": "HashCompilerInvocation", "args": { "durationMS": 7.6828999519348145, "detail": "mscorlib16.cpp" } },
{ "pid": 1, "tid": 22, "ts": 14429954.1015625, "dur": 6901.500225067139, "ph": "X", "name": "HashCompilerInvocation", "args": { "durationMS": 6.901500225067139, "detail": "GenericMethods5.cpp" } },
{ "pid": 1, "tid": 22, "ts": 14436880.859375, "dur": 6547.699928283691, "ph": "X", "name": "HashCompilerInvocation", "args": { "durationMS": 6.547699928283691, "detail": "GenericMethods.cpp" } },
{ "pid": 1, "tid": 22, "ts": 14443462.890625, "dur": 30449.40185546875, "ph": "X", "name": "HashCompilerInvocation", "args": { "durationMS": 30.44940185546875, "detail": "Generics10.cpp" } },
{ "pid": 1, "tid": 22, "ts": 14474040.0390625, "dur": 20333.900451660156, "ph": "X", "name": "HashCompilerInvocation", "args": { "durationMS": 20.333900451660156, "detail": "Generics.cpp" } },
{ "pid": 1, "tid": 22, "ts": 14494398.4375, "dur": 2943.9001083374023, "ph": "X", "name": "HashCompilerInvocation", "args": { "durationMS": 2.9439001083374023, "detail": "UnityEngine.AndroidJNIModule.cpp" } },
{ "pid": 1, "tid": 22, "ts": 14497364.2578125, "dur": 2329.200029373169, "ph": "X", "name": "HashCompilerInvocation", "args": { "durationMS": 2.329200029373169, "detail": "Il2CppCompilerCalculateTypeValuesTable.cpp" } },
{ "pid": 1, "tid": 22, "ts": 14499720.703125, "dur": 1785.1999998092651, "ph": "X", "name": "HashCompilerInvocation", "args": { "durationMS": 1.7851999998092651, "detail": "Il2CppGenericClassTable.c" } },
{ "pid": 1, "tid": 22, "ts": 14501531.25, "dur": 23805.79948425293, "ph": "X", "name": "HashCompilerInvocation", "args": { "durationMS": 23.80579948425293, "detail": "UnityEngine.TilemapModule.cpp" } },
{ "pid": 1, "tid": 22, "ts": 14525364.2578125, "dur": 3382.4000358581543, "ph": "X", "name": "HashCompilerInvocation", "args": { "durationMS": 3.3824000358581543, "detail": "trees.c" } },
{ "pid": 1, "tid": 22, "ts": 14528770.5078125, "dur": 1282.5000286102295, "ph": "X", "name": "HashCompilerInvocation", "args": { "durationMS": 1.2825000286102295, "detail": "UnityEngine.Physics2DModule_CodeGen.c" } },
{ "pid": 1, "tid": 22, "ts": 14530080.078125, "dur": 1318.50004196167, "ph": "X", "name": "HashCompilerInvocation", "args": { "durationMS": 1.31850004196167, "detail": "Lump_libil2cpp_icalls.cpp" } },
{ "pid": 1, "tid": 22, "ts": 14531414.0625, "dur": 1179.4999837875366, "ph": "X", "name": "HashCompilerInvocation", "args": { "durationMS": 1.1794999837875366, "detail": "crc32.c" } },
{ "pid": 1, "tid": 22, "ts": 14532618.1640625, "dur": 1171.7000007629395, "ph": "X", "name": "HashCompilerInvocation", "args": { "durationMS": 1.1717000007629395, "detail": "Unity.2D.PixelPerfect_CodeGen.c" } },
{ "pid": 1, "tid": 22, "ts": 14533813.4765625, "dur": 974.2000102996826, "ph": "X", "name": "HashCompilerInvocation", "args": { "durationMS": 0.9742000102996826, "detail": "UnityEngine.SubsystemsModule_CodeGen.c" } },
{ "pid": 1, "tid": 22, "ts": 14534808.59375, "dur": 1985.1000308990479, "ph": "X", "name": "HashCompilerInvocation", "args": { "durationMS": 1.9851000308990479, "detail": "UnityEngine.GridModule.cpp" } },
{ "pid": 1, "tid": 22, "ts": 14536818.359375, "dur": 1778.1000137329102, "ph": "X", "name": "HashCompilerInvocation", "args": { "durationMS": 1.7781000137329102, "detail": "UnityEngine.SpriteShapeModule.cpp" } },
{ "pid": 1, "tid": 22, "ts": 14538616.2109375, "dur": 898.0000019073486, "ph": "X", "name": "HashCompilerInvocation", "args": { "durationMS": 0.8980000019073486, "detail": "uncompr.c" } },
{ "pid": 1, "tid": 22, "ts": 14539530.2734375, "dur": 952.0000219345093, "ph": "X", "name": "HashCompilerInvocation", "args": { "durationMS": 0.9520000219345093, "detail": "UnityEngine.UnityWebRequestModule_CodeGen.c" } },
{ "pid": 1, "tid": 22, "ts": 14540498.046875, "dur": 920.4000234603882, "ph": "X", "name": "HashCompilerInvocation", "args": { "durationMS": 0.9204000234603882, "detail": "UnityEngine.VRModule_CodeGen.c" } },
{ "pid": 1, "tid": 22, "ts": 14541437.5, "dur": 1044.1999435424805, "ph": "X", "name": "HashCompilerInvocation", "args": { "durationMS": 1.0441999435424805, "detail": "Lump_libil2cpp_mono.cpp" } },
{ "pid": 1, "tid": 22, "ts": 14542506.8359375, "dur": 1598.0000495910645, "ph": "X", "name": "HashCompilerInvocation", "args": { "durationMS": 1.5980000495910645, "detail": "UnityEngine_CodeGen.c" } },
{ "pid": 1, "tid": 26, "ph": "M", "name": "thread_name", "args": { "name": "" } },
{ "pid": 1, "tid": 26, "ts": 14409508.7890625, "dur": 9457.500457763672, "ph": "X", "name": "HashCompilerInvocation", "args": { "durationMS": 9.457500457763672, "detail": "GenericMethods1.cpp" } },
{ "pid": 1, "tid": 26, "ts": 14418993.1640625, "dur": 8106.499671936035, "ph": "X", "name": "HashCompilerInvocation", "args": { "durationMS": 8.106499671936035, "detail": "mscorlib5.cpp" } },
{ "pid": 1, "tid": 26, "ts": 14427127.9296875, "dur": 7740.200042724609, "ph": "X", "name": "HashCompilerInvocation", "args": { "durationMS": 7.740200042724609, "detail": "UnityEngine.UI.cpp" } },
{ "pid": 1, "tid": 26, "ts": 14434888.671875, "dur": 6909.6999168396, "ph": "X", "name": "HashCompilerInvocation", "args": { "durationMS": 6.9096999168396, "detail": "Cinemachine.cpp" } },
{ "pid": 1, "tid": 26, "ts": 14441827.1484375, "dur": 7514.100074768066, "ph": "X", "name": "HashCompilerInvocation", "args": { "durationMS": 7.514100074768066, "detail": "UnityEngine.UI1.cpp" } },
{ "pid": 1, "tid": 26, "ts": 14449367.1875, "dur": 32279.20150756836, "ph": "X", "name": "HashCompilerInvocation", "args": { "durationMS": 32.27920150756836, "detail": "Generics3.cpp" } },
{ "pid": 1, "tid": 26, "ts": 14481678.7109375, "dur": 16220.399856567383, "ph": "X", "name": "HashCompilerInvocation", "args": { "durationMS": 16.220399856567383, "detail": "Generics18.cpp" } },
{ "pid": 1, "tid": 26, "ts": 14497934.5703125, "dur": 2161.799907684326, "ph": "X", "name": "HashCompilerInvocation", "args": { "durationMS": 2.161799907684326, "detail": "UnityEngine.TextCoreModule.cpp" } },
{ "pid": 1, "tid": 26, "ts": 14500122.0703125, "dur": 23556.60057067871, "ph": "X", "name": "HashCompilerInvocation", "args": { "durationMS": 23.55660057067871, "detail": "System_CodeGen.c" } },
{ "pid": 1, "tid": 26, "ts": 14523712.890625, "dur": 1624.3000030517578, "ph": "X", "name": "HashCompilerInvocation", "args": { "durationMS": 1.6243000030517578, "detail": "deflate.c" } },
{ "pid": 1, "tid": 26, "ts": 14525368.1640625, "dur": 17507.10105895996, "ph": "X", "name": "HashCompilerInvocation", "args": { "durationMS": 17.50710105895996, "detail": "UnityEngine.DirectorModule.cpp" } },
{ "pid": 1, "tid": 26, "ts": 14542903.3203125, "dur": 1931.9000244140625, "ph": "X", "name": "HashCompilerInvocation", "args": { "durationMS": 1.9319000244140625, "detail": "Il2CppGenericComDefinitions.cpp" } },
{ "pid": 1, "tid": 28, "ph": "M", "name": "thread_name", "args": { "name": "" } },
{ "pid": 1, "tid": 28, "ts": 14409509.765625, "dur": 9915.599822998047, "ph": "X", "name": "HashCompilerInvocation", "args": { "durationMS": 9.915599822998047, "detail": "mscorlib_CodeGen.c" } },
{ "pid": 1, "tid": 28, "ts": 14419450.1953125, "dur": 8090.60001373291, "ph": "X", "name": "HashCompilerInvocation", "args": { "durationMS": 8.09060001373291, "detail": "mscorlib7.cpp" } },
{ "pid": 1, "tid": 28, "ts": 14427561.5234375, "dur": 7440.100193023682, "ph": "X", "name": "HashCompilerInvocation", "args": { "durationMS": 7.440100193023682, "detail": "Cinemachine1.cpp" } },
{ "pid": 1, "tid": 28, "ts": 14435030.2734375, "dur": 6962.9998207092285, "ph": "X", "name": "HashCompilerInvocation", "args": { "durationMS": 6.9629998207092285, "detail": "mscorlib3.cpp" } },
{ "pid": 1, "tid": 28, "ts": 14442019.53125, "dur": 7725.299835205078, "ph": "X", "name": "HashCompilerInvocation", "args": { "durationMS": 7.725299835205078, "detail": "Generics17.cpp" } },
{ "pid": 1, "tid": 28, "ts": 14449767.578125, "dur": 34310.19973754883, "ph": "X", "name": "HashCompilerInvocation", "args": { "durationMS": 34.31019973754883, "detail": "mscorlib17.cpp" } },
{ "pid": 1, "tid": 28, "ts": 14484236.328125, "dur": 13435.600280761719, "ph": "X", "name": "HashCompilerInvocation", "args": { "durationMS": 13.435600280761719, "detail": "UnityEngine.CoreModule2.cpp" } },
{ "pid": 1, "tid": 28, "ts": 14497707.03125, "dur": 2541.599988937378, "ph": "X", "name": "HashCompilerInvocation", "args": { "durationMS": 2.541599988937378, "detail": "UnityEngine.UI_CodeGen.c" } },
{ "pid": 1, "tid": 28, "ts": 14500270.5078125, "dur": 23704.498291015625, "ph": "X", "name": "HashCompilerInvocation", "args": { "durationMS": 23.704498291015625, "detail": "System2.cpp" } },
{ "pid": 1, "tid": 28, "ts": 14524016.6015625, "dur": 2356.1999797821045, "ph": "X", "name": "HashCompilerInvocation", "args": { "durationMS": 2.3561999797821045, "detail": "UnityEngine.ParticleSystemModule.cpp" } },
{ "pid": 1, "tid": 28, "ts": 14526398.4375, "dur": 2365.499973297119, "ph": "X", "name": "HashCompilerInvocation", "args": { "durationMS": 2.365499973297119, "detail": "il2cpp-api.cpp" } },
{ "pid": 1, "tid": 28, "ts": 14528784.1796875, "dur": 1108.7000370025635, "ph": "X", "name": "HashCompilerInvocation", "args": { "durationMS": 1.1087000370025635, "detail": "UnityEngine.AIModule.cpp" } },
{ "pid": 1, "tid": 28, "ts": 14529911.1328125, "dur": 1532.9999923706055, "ph": "X", "name": "HashCompilerInvocation", "args": { "durationMS": 1.5329999923706055, "detail": "Lump_libil2cpp_os.cpp" } },
{ "pid": 1, "tid": 28, "ts": 14531465.8203125, "dur": 1270.4999446868896, "ph": "X", "name": "HashCompilerInvocation", "args": { "durationMS": 1.2704999446868896, "detail": "UnityEngine.TextRenderingModule_CodeGen.c" } },
{ "pid": 1, "tid": 28, "ts": 14532760.7421875, "dur": 1393.9000368118286, "ph": "X", "name": "HashCompilerInvocation", "args": { "durationMS": 1.3939000368118286, "detail": "UnityEngine.TilemapModule_CodeGen.c" } },
{ "pid": 1, "tid": 28, "ts": 14534182.6171875, "dur": 2225.300073623657, "ph": "X", "name": "HashCompilerInvocation", "args": { "durationMS": 2.2253000736236572, "detail": "UnityEngine.UnityAnalyticsModule_CodeGen.c" } },
{ "pid": 1, "tid": 28, "ts": 14536435.546875, "dur": 1947.700023651123, "ph": "X", "name": "HashCompilerInvocation", "args": { "durationMS": 1.947700023651123, "detail": "UnityEngine.DirectorModule_CodeGen.c" } },
{ "pid": 1, "tid": 28, "ts": 14538399.4140625, "dur": 993.7999844551086, "ph": "X", "name": "HashCompilerInvocation", "args": { "durationMS": 0.9937999844551086, "detail": "Il2CppReversePInvokeWrapperTable.cpp" } },
{ "pid": 1, "tid": 28, "ts": 14539428.7109375, "dur": 1077.2000551223755, "ph": "X", "name": "HashCompilerInvocation", "args": { "durationMS": 1.0772000551223755, "detail": "Lump_libil2cpp_utils.cpp" } },
{ "pid": 1, "tid": 28, "ts": 14540528.3203125, "dur": 1190.999984741211, "ph": "X", "name": "HashCompilerInvocation", "args": { "durationMS": 1.190999984741211, "detail": "UnityEngine.GridModule_CodeGen.c" } },
{ "pid": 1, "tid": 28, "ts": 14541744.140625, "dur": 1352.6999950408936, "ph": "X", "name": "HashCompilerInvocation", "args": { "durationMS": 1.3526999950408936, "detail": "il2cpp-benchmark-support.cpp" } },
{ "pid": 1, "tid": 24, "ph": "M", "name": "thread_name", "args": { "name": "" } },
{ "pid": 1, "tid": 24, "ts": 14409511.71875, "dur": 11530.799865722656, "ph": "X", "name": "HashCompilerInvocation", "args": { "durationMS": 11.530799865722656, "detail": "Il2CppGenericMethodPointerTable.cpp" } },
{ "pid": 1, "tid": 24, "ts": 14421074.21875, "dur": 7750.699996948242, "ph": "X", "name": "HashCompilerInvocation", "args": { "durationMS": 7.750699996948242, "detail": "mscorlib10.cpp" } },
{ "pid": 1, "tid": 24, "ts": 14428851.5625, "dur": 8700.799942016602, "ph": "X", "name": "HashCompilerInvocation", "args": { "durationMS": 8.700799942016602, "detail": "mscorlib11.cpp" } },
{ "pid": 1, "tid": 24, "ts": 14437582.03125, "dur": 6407.800197601318, "ph": "X", "name": "HashCompilerInvocation", "args": { "durationMS": 6.407800197601318, "detail": "Cinemachine2.cpp" } },
{ "pid": 1, "tid": 24, "ts": 14444016.6015625, "dur": 34597.09930419922, "ph": "X", "name": "HashCompilerInvocation", "args": { "durationMS": 34.59709930419922, "detail": "Generics8.cpp" } },
{ "pid": 1, "tid": 24, "ts": 14478647.4609375, "dur": 19848.899841308594, "ph": "X", "name": "HashCompilerInvocation", "args": { "durationMS": 19.848899841308594, "detail": "UnityEngine.UI3.cpp" } },
{ "pid": 1, "tid": 24, "ts": 14498522.4609375, "dur": 1793.3000326156616, "ph": "X", "name": "HashCompilerInvocation", "args": { "durationMS": 1.7933000326156616, "detail": "UnityEngine.PhysicsModule.cpp" } },
{ "pid": 1, "tid": 24, "ts": 14500341.796875, "dur": 23968.799591064453, "ph": "X", "name": "HashCompilerInvocation", "args": { "durationMS": 23.968799591064453, "detail": "Unity.2D.PixelPerfect.cpp" } },
{ "pid": 1, "tid": 24, "ts": 14524333.984375, "dur": 18737.10060119629, "ph": "X", "name": "HashCompilerInvocation", "args": { "durationMS": 18.73710060119629, "detail": "UnityEngine.VFXModule.cpp" } },
{ "pid": 1, "tid": 24, "ts": 14543098.6328125, "dur": 5484.7002029418945, "ph": "X", "name": "HashCompilerInvocation", "args": { "durationMS": 5.4847002029418945, "detail": "il2cpp-runtime-stats.cpp" } },
{ "pid": 1, "tid": 27, "ph": "M", "name": "thread_name", "args": { "name": "" } },
{ "pid": 1, "tid": 27, "ts": 14409514.6484375, "dur": 9096.400260925293, "ph": "X", "name": "HashCompilerInvocation", "args": { "durationMS": 9.096400260925293, "detail": "Unity.TextMeshPro.cpp" } },
{ "pid": 1, "tid": 27, "ts": 14418655.2734375, "dur": 8108.2000732421875, "ph": "X", "name": "HashCompilerInvocation", "args": { "durationMS": 8.108200073242188, "detail": "mscorlib12.cpp" } },
{ "pid": 1, "tid": 27, "ts": 14426790.0390625, "dur": 7775.199890136719, "ph": "X", "name": "HashCompilerInvocation", "args": { "durationMS": 7.775199890136719, "detail": "mscorlib1.cpp" } },
{ "pid": 1, "tid": 27, "ts": 14434605.46875, "dur": 6805.799961090088, "ph": "X", "name": "HashCompilerInvocation", "args": { "durationMS": 6.805799961090088, "detail": "UnityEngine.UI2.cpp" } },
{ "pid": 1, "tid": 27, "ts": 14441439.453125, "dur": 6369.4000244140625, "ph": "X", "name": "HashCompilerInvocation", "args": { "durationMS": 6.3694000244140625, "detail": "mscorlib4.cpp" } },
{ "pid": 1, "tid": 27, "ts": 14447843.75, "dur": 50559.70001220703, "ph": "X", "name": "HashCompilerInvocation", "args": { "durationMS": 50.55970001220703, "detail": "GenericMethods4.cpp" } },
{ "pid": 1, "tid": 27, "ts": 14498427.734375, "dur": 1866.6000366210938, "ph": "X", "name": "HashCompilerInvocation", "args": { "durationMS": 1.8666000366210938, "detail": "UnityEngine.Physics2DModule.cpp" } },
{ "pid": 1, "tid": 27, "ts": 14500320.3125, "dur": 23996.599197387695, "ph": "X", "name": "HashCompilerInvocation", "args": { "durationMS": 23.996599197387695, "detail": "UnityEngine.InputLegacyModule.cpp" } },
{ "pid": 1, "tid": 27, "ts": 14524340.8203125, "dur": 18037.399291992188, "ph": "X", "name": "HashCompilerInvocation", "args": { "durationMS": 18.037399291992188, "detail": "System.Configuration.cpp" } },
{ "pid": 1, "tid": 27, "ts": 14542404.296875, "dur": 2688.999891281128, "ph": "X", "name": "HashCompilerInvocation", "args": { "durationMS": 2.688999891281128, "detail": "UnityEngine.SpriteShapeModule_CodeGen.c" } },
{ "pid": 1, "tid": 29, "ph": "M", "name": "thread_name", "args": { "name": "" } },
{ "pid": 1, "tid": 29, "ts": 14409516.6015625, "dur": 8958.900451660156, "ph": "X", "name": "HashCompilerInvocation", "args": { "durationMS": 8.958900451660156, "detail": "Unity.TextMeshPro3.cpp" } },
{ "pid": 1, "tid": 29, "ts": 14418522.4609375, "dur": 7889.800071716309, "ph": "X", "name": "HashCompilerInvocation", "args": { "durationMS": 7.889800071716309, "detail": "Unity.TextMeshPro1.cpp" } },
{ "pid": 1, "tid": 29, "ts": 14426444.3359375, "dur": 7744.800090789795, "ph": "X", "name": "HashCompilerInvocation", "args": { "durationMS": 7.744800090789795, "detail": "Il2CppGenericMethodDefinitions.c" } },
{ "pid": 1, "tid": 29, "ts": 14434215.8203125, "dur": 6562.600135803223, "ph": "X", "name": "HashCompilerInvocation", "args": { "durationMS": 6.562600135803223, "detail": "mscorlib14.cpp" } },
{ "pid": 1, "tid": 29, "ts": 14440804.6875, "dur": 5888.700008392334, "ph": "X", "name": "HashCompilerInvocation", "args": { "durationMS": 5.888700008392334, "detail": "Generics5.cpp" } },
{ "pid": 1, "tid": 29, "ts": 14446717.7734375, "dur": 47452.301025390625, "ph": "X", "name": "HashCompilerInvocation", "args": { "durationMS": 47.452301025390625, "detail": "Generics6.cpp" } },
{ "pid": 1, "tid": 29, "ts": 14494195.3125, "dur": 3702.6000022888184, "ph": "X", "name": "HashCompilerInvocation", "args": { "durationMS": 3.7026000022888184, "detail": "Assembly-CSharp.cpp" } },
{ "pid": 1, "tid": 29, "ts": 14497921.875, "dur": 2342.9999351501465, "ph": "X", "name": "HashCompilerInvocation", "args": { "durationMS": 2.3429999351501465, "detail": "Cinemachine_CodeGen.c" } },
{ "pid": 1, "tid": 29, "ts": 14500289.0625, "dur": 23827.50129699707, "ph": "X", "name": "HashCompilerInvocation", "args": { "durationMS": 23.82750129699707, "detail": "Unity.Timeline_CodeGen.c" } },
{ "pid": 1, "tid": 29, "ts": 14524147.4609375, "dur": 17991.199493408203, "ph": "X", "name": "HashCompilerInvocation", "args": { "durationMS": 17.991199493408203, "detail": "UnityEngine.UnityAnalyticsModule.cpp" } },
{ "pid": 1, "tid": 29, "ts": 14542172.8515625, "dur": 1229.9000024795532, "ph": "X", "name": "HashCompilerInvocation", "args": { "durationMS": 1.2299000024795532, "detail": "UnityEngine.AssetBundleModule_CodeGen.c" } }
],
"meta_datetime": "12/13/2020 02:13:04",
"meta_command_line": "\"C:\\Program Files\\Unity\\Hub\\Editor\\2020.1.4f1\\Editor\\Data\\il2cpp\\build\\deploy\\netcoreapp3.0\\il2cpp.dll\" --convert-to-cpp --emit-null-checks --enable-array-bounds-check --dotnetprofile=unityaot --compile-cpp --libil2cpp-static --platform=WindowsDesktop --architecture=x64 --configuration=Release --outputpath=F:\\Repository\\DESN-Final\\GAME2014-F2020-Lab10Starter-main\\Temp/StagingArea/Data\\Native\\GameAssembly.dll --cachedirectory=F:\\Repository\\DESN-Final\\GAME2014-F2020-Lab10Starter-main\\Assets\\..\\Library/il2cpp_cache \"--baselib-directory=C:/Program Files/Unity/Hub/Editor/2020.1.4f1/Editor/Data/PlaybackEngines/WindowsStandaloneSupport\\Variations\\win64_nondevelopment_il2cpp\" --avoid-dynamic-library-copy --incremental-g-c-time-slice=3 --profiler-report \"--map-file-parser=C:/Program Files/Unity/Hub/Editor/2020.1.4f1/Editor/Data/Tools/MapFileParser/MapFileParser.exe\" --directory=F:/Repository/DESN-Final/GAME2014-F2020-Lab10Starter-main/Temp/StagingArea/Data/Managed --generatedcppdir=F:/Repository/DESN-Final/GAME2014-F2020-Lab10Starter-main/Temp/StagingArea/Data/il2cppOutput",
"meta_command_line_args": "C:\\Program Files\\Unity\\Hub\\Editor\\2020.1.4f1\\Editor\\Data\\il2cpp\\build\\deploy\\netcoreapp3.0\\il2cpp.dll --convert-to-cpp --emit-null-checks --enable-array-bounds-check --dotnetprofile=unityaot --compile-cpp --libil2cpp-static --platform=WindowsDesktop --architecture=x64 --configuration=Release --outputpath=F:\\Repository\\DESN-Final\\GAME2014-F2020-Lab10Starter-main\\Temp/StagingArea/Data\\Native\\GameAssembly.dll --cachedirectory=F:\\Repository\\DESN-Final\\GAME2014-F2020-Lab10Starter-main\\Assets\\..\\Library/il2cpp_cache --baselib-directory=C:/Program Files/Unity/Hub/Editor/2020.1.4f1/Editor/Data/PlaybackEngines/WindowsStandaloneSupport\\Variations\\win64_nondevelopment_il2cpp --avoid-dynamic-library-copy --incremental-g-c-time-slice=3 --profiler-report --map-file-parser=C:/Program Files/Unity/Hub/Editor/2020.1.4f1/Editor/Data/Tools/MapFileParser/MapFileParser.exe --directory=F:/Repository/DESN-Final/GAME2014-F2020-Lab10Starter-main/Temp/StagingArea/Data/Managed --generatedcppdir=F:/Repository/DESN-Final/GAME2014-F2020-Lab10Starter-main/Temp/StagingArea/Data/il2cppOutput",
"meta_user_name": "Joon",
"meta_os_version": "Microsoft Windows NT 6.2.9200.0",
"meta_cpu_count": "12"}
